Name,Count,Percent,Rank,Supercent,Superrank,Identity_rank,Cmc,Colors,Color_identity,tags
Mana Crypt,277,100,1,100,4,1,0,,,"mana,rock,manapositive"
Chrome Mox,273,98,2,98,9,2,0,,,"mana,rock,manapositive"
Mox Diamond,271,97,3,97,12,3,0,,,"mana,rock,manapositive"
Sol Ring,270,97,4,97,13,4,1,,,"mana,rock,manapositive"
Gemstone Caverns,256,92,5,92,26,5,0,,,"mana,land"
Command Tower,240,86,6,86,34,6,0,,,"mana,land"
Lotus Petal,229,82,7,82,38,7,0,,,"ritual,mana"
Ancient Tomb,224,80,8,80,42,8,0,,,"land,mana"
Polluted Delta,221,79,9,79,47,9,0,,,"fetch,land,mana"
Flooded Strand,219,79,10,79,45,10,0,,,"fetch,land,mana"
Scalding Tarn,219,79,11,79,48,11,0,,,"fetch,land,mana"
Misty Rainforest,218,78,12,78,49,12,0,,,"fetch,land,mana"
Wooded Foothills,214,77,13,77,51,13,0,,,"fetch,land,mana"
City of Brass,210,75,14,75,54,14,0,,,"land,mana"
Mana Vault,205,74,15,74,57,15,1,,,"mana,rock,manapositive"
Bloodstained Mire,204,73,16,73,59,16,0,,,"land,mana"
Mana Confluence,203,73,17,73,60,17,0,,,"land,mana"
Verdant Catacombs,202,72,18,72,63,18,0,,,"fetch,land,mana"
Windswept Heath,199,71,19,71,67,19,0,,,"fetch,land,mana"
Marsh Flats,197,71,20,71,65,20,0,,,"fetch,land,mana"
Exotic Orchard,188,67,21,67,75,21,0,,,"land,mana"
Jeweled Lotus,182,65,22,65,84,22,0,,,"ritual,mana"
Arid Mesa,180,64,23,64,85,23,0,,,"fetch,land,mana"
Mystic Remora,169,61,24,99,8,1,1,U,U,draw
Swan Song,167,60,25,98,10,2,1,U,U,counter
Arcane Signet,164,59,26,59,95,24,2,,,rock
Force of Will,164,59,27,96,15,3,5,U,U,counter
Mental Misstep,164,59,28,96,16,4,1,U,U,counter
Flusterstorm,163,58,29,95,20,5,1,U,U,counter
Mystical Tutor,160,57,30,94,24,6,1,U,U,tutor
Rhystic Study,156,56,31,91,27,7,3,U,U,draw
Demonic Tutor,151,54,32,100,2,1,2,B,B,tutor
Imperial Seal,151,54,33,100,3,2,1,B,B,tutor
Vampiric Tutor,151,54,34,100,7,3,1,B,B,tutor
Carpet of Flowers,147,53,35,94,22,1,1,G,G,mana
Veil of Summer,146,52,36,94,25,2,1,G,G,protection
Pact of Negation,145,52,37,85,35,8,0,U,U,counter
Dockside Extortionist,142,51,38,95,19,1,2,R,R,"ritual,mana"
Lion's Eye Diamond,142,51,39,51,119,25,0,,,"ritual,mana"
Mox Opal,139,50,40,50,122,26,0,,,"mana,rock,manapositive"
Birds of Paradise,137,49,41,88,32,3,1,G,G,"mana,dork"
Fellwar Stone,136,49,42,49,124,27,2,,,"mana,rock"
Brainstorm,134,48,43,78,50,9,1,U,U,cantrip
Enlightened Tutor,130,46,44,94,23,1,1,W,W,tutor
Fierce Guardianship,129,46,45,75,55,10,3,U,U,counter
Sylvan Library,126,45,46,81,41,4,2,G,G,draw
Tainted Pact,124,44,47,82,39,4,2,B,B,tutor
Grim Monolith,123,44,48,44,137,28,2,,,"mana,rock,manapositive"
Silence,122,44,49,89,31,2,1,W,W,protection
Chain of Vapor,121,43,50,71,64,11,1,U,U,bounce
Dark Ritual,121,43,51,80,43,5,1,B,B,"ritual,mana"
Gamble,118,42,52,79,46,2,1,R,R,tutor
Force of Negation,117,42,53,68,72,12,3,U,U,counter
Ad Nauseam,115,41,54,76,53,6,5,B,B,draw
Esper Sentinel,115,41,55,83,37,3,1,W,W,draw
Worldly Tutor,115,41,56,74,58,5,1,G,G,tutor
Deflecting Swat,114,41,57,77,52,3,3,R,R,counter
Cyclonic Rift,112,40,58,65,83,13,2,U,U,bounce
Noxious Revival,108,38,59,69,70,6,1,G,G,"gravehate,recursion"
Wishclaw Talisman,108,38,60,71,66,7,2,B,B,tutor
Underworld Breach,107,38,61,72,62,4,2,R,R,recursion
Gilded Drake,104,37,62,61,92,14,2,U,U,steal
Dauthi Voidwalker,104,37,63,68,73,8,2,B,B,gravehate
Opposition Agent,101,36,64,66,77,9,3,B,B,tutorhate
Timetwister,101,36,65,59,96,15,3,U,U,"wheel,draw"
Ranger-Captain of Eos,99,35,66,72,61,4,3,W,W,"tutor,protection"
Wheel of Fortune,99,35,67,66,78,5,3,R,R,wheel
Gitaxian Probe,99,35,68,58,102,16,1,U,U,cantrip
Red Elemental Blast,99,35,69,66,81,6,1,R,R,"counter,removal"
"Ragavan, Nimble Pilferer",98,35,70,66,79,7,1,R,R,
Gaea's Cradle,98,35,71,63,87,7,0,,G,"land,mana"
Thassa's Oracle,96,34,72,56,107,17,2,U,U,win
Windfall,96,34,73,56,108,18,3,U,U,wheel
Miscast,95,34,74,55,111,19,1,U,U,counter
Tropical Island,95,34,75,100,5,1,0,,"G,U","land,mana,dual"
Llanowar Elves,95,34,76,61,93,8,1,G,G,"mana,dork"
Eldritch Evolution,94,33,77,60,94,9,3,G,G,tutor
Demonic Consultation,93,33,78,61,91,10,1,B,B,tutor
Simian Spirit Guide,93,33,79,62,89,8,3,R,R,"ritual,mana"
Prismatic Vista,93,33,80,33,162,29,0,,,"fetch,land,mana"
Elvish Mystic,92,33,81,59,97,10,1,G,G,"mana,dork"
Fyndhorn Elves,92,33,82,59,98,11,1,G,G,"mana,dork"
Underground Sea,91,32,83,100,6,1,0,,"B,U","land,mana,dual"
Bayou,90,32,84,100,1,1,0,,"B,G","land,mana,dual"
Grand Abolisher,90,32,85,65,82,5,2,W,W,protection
Finale of Devastation,90,32,86,58,101,12,2,G,G,tutor
Mana Drain,90,32,87,52,116,20,2,U,U,"counter,mana"
Cabal Ritual,88,31,88,58,100,11,2,B,B,"ritual,mana"
Diabolic Intent,88,31,89,58,103,12,2,B,B,tutor
Phantasmal Image,87,31,90,51,120,21,2,U,U,copy
Praetor's Grasp,87,31,91,57,105,13,3,B,B,steal
Volcanic Island,87,31,92,98,11,1,0,,"R,U","land,mana,dual"
Abrupt Decay,86,31,93,95,18,2,2,"B,G","B,G",removal
Drannith Magistrate,85,30,94,62,90,6,2,W,W,casthate
Forbidden Orchard,83,29,95,29,174,30,0,,,"land,mana"
Pyroblast,83,29,96,56,110,9,1,R,R,"counter,removal"
Crop Rotation,82,29,97,52,115,13,1,G,G,tutor
Island,82,29,98,48,128,22,0,,U,"land,mana,basic"
Deathrite Shaman,81,29,99,90,28,3,1,"B,G","B,G","mana,dork,gravehate"
Watery Grave,80,28,100,87,33,2,0,,"B,U","land,mana,shock"
Breeding Pool,80,28,101,84,36,2,0,,"G,U","land,mana,shock"
Badlands,79,28,102,96,14,1,0,,"B,R","land,mana,dual"
Dispel,79,28,103,46,132,23,1,U,U,counter
Culling the Weak,78,28,104,51,118,14,1,B,B,"ritual,mana"
Cavern of Souls,77,27,105,27,180,31,0,,,"land,mana,protection"
Jeska's Will,77,27,106,52,117,10,3,R,R,"mana,draw"
Necropotence,76,27,107,50,123,15,3,B,B,draw
Spellseeker,76,27,108,44,139,24,3,U,U,tutor
Swords to Plowshares,76,27,109,55,112,7,1,W,W,removal
Arbor Elf,75,27,110,48,126,14,1,G,G,"mana,dork"
Intuition,74,26,111,43,140,25,3,U,U,tutor
Tundra,74,26,112,96,17,1,0,,"U,W","land,mana,dual"
Brain Freeze,73,26,113,42,141,26,2,U,U,
Overgrown Tomb,73,26,114,81,40,4,0,,"B,G","land,mana,shock"
Elvish Spirit Guide,71,25,115,45,133,15,3,G,G,"ritual,mana"
Rite of Flame,71,25,116,47,129,11,1,R,R,"ritual,mana"
Taiga,71,25,117,95,21,1,0,,"G,R","land,mana,dual"
Peer into the Abyss,70,25,118,46,131,16,7,B,B,draw
Survival of the Fittest,70,25,119,45,134,16,2,G,G,tutor
Entomb,69,24,120,45,136,17,1,B,B,tutor
Savannah,69,24,121,90,29,1,0,,"G,W","land,mana,dual"
Reanimate,67,24,122,44,138,18,1,B,B,reanimate
Scrubland,67,24,123,89,30,1,0,,"B,W","land,mana,dual"
Mox Amber,67,24,124,24,197,32,0,,,"mana,rock,manapositive"
Urza's Saga,67,24,125,24,198,33,0,,,"land,tutor"
Ponder,66,23,126,38,152,27,1,U,U,cantrip
Morphic Pool,64,23,127,70,68,3,0,,"B,U","land,mana"
Collector Ouphe,64,23,128,41,145,17,2,G,G,artifacthate
Chord of Calling,63,22,129,40,147,18,3,G,G,tutor
Neoform,63,22,130,66,80,3,2,"G,U","G,U",tutor
Assassin's Trophy,63,22,131,70,69,5,2,"B,G","B,G",removal
Spire of Industry,62,22,132,22,202,34,0,,,"land,mana"
Muddle the Mixture,61,22,133,35,158,28,2,U,U,counter
Nature's Claim,61,22,134,39,150,19,1,G,G,removal
Wild Growth,60,21,135,38,153,20,1,G,G,mana
Steam Vents,60,21,136,68,74,2,0,,"R,U","land,mana,shock"
Swamp,59,21,137,39,151,19,0,,B,"land,mana,basic"
Culling Ritual,58,20,138,64,86,6,4,"B,G","B,G","ritual,mana"
Plateau,57,20,139,69,71,1,0,,"R,W","land,mana,dual"
Sevinne's Reclamation,57,20,140,41,144,8,3,W,W,recursion
Rain of Filth,57,20,141,37,154,20,1,B,B,"ritual,mana"
Green Sun's Zenith,57,20,142,36,156,21,1,G,G,tutor
Sensei's Divining Top,57,20,143,20,211,35,1,,,topdeck
Emergence Zone,57,20,144,20,213,36,0,,,"land,mana"
Elves of Deep Shadow,57,20,145,63,88,7,1,G,"B,G","mana,dork"
Rejuvenating Springs,55,19,146,57,106,4,0,,"G,U","land,mana"
Wheel of Misfortune,55,19,147,37,155,12,3,R,R,wheel
Forest,51,18,148,32,165,22,0,,G,"land,mana,basic"
Avacyn's Pilgrim,51,18,149,67,76,2,1,G,"G,W","mana,dork"
Cephalid Coliseum,50,18,150,29,173,29,0,,U,"land,mana"
Endurance,49,17,151,31,166,23,3,G,G,gravehate
Imperial Recruiter,49,17,152,33,163,13,3,R,R,tutor
Snow-Covered Island,48,17,153,28,177,30,0,,U,"land,mana,basic,snow"
Talisman of Dominance,47,16,154,51,121,4,2,,"B,U","mana,rock"
Dark Confidant,47,16,155,31,167,21,2,B,B,draw
Phyrexian Tower,47,16,156,31,168,22,0,,B,"land,mana"
Animate Dead,47,16,157,31,169,23,2,B,B,reanimate
Utopia Sprawl,47,16,158,30,172,24,1,G,G,mana
Aven Mindcensor,47,16,159,34,159,9,3,W,W,tutorhate
City of Traitors,46,16,160,16,242,37,0,,,"land,mana"
Eternal Witness,46,16,161,29,175,25,3,G,G,recursion
Blood Crypt,46,16,162,56,109,2,0,,"B,R","land,mana,shock"
Snow-Covered Swamp,45,16,163,29,176,24,0,,B,"land,mana,basic,snow"
Eladamri's Call,45,16,164,59,99,3,2,"G,W","G,W",tutor
Hallowed Fountain,45,16,165,58,104,2,0,,"U,W","land,mana,shock"
Snap,45,16,166,26,190,31,2,U,U,bounce
Spell Pierce,44,15,167,25,191,32,1,U,U,counter
Delay,44,15,168,25,192,33,2,U,U,counter
Tarnished Citadel,44,15,169,15,245,38,0,,,"land,mana"
Yawgmoth's Will,43,15,170,28,179,25,3,B,B,recursion
Snow-Covered Forest,42,15,171,27,181,26,0,,G,"land,mana,basic,snow"
Necromancy,42,15,172,27,183,26,3,B,B,reanimate
Abrade,42,15,173,28,178,14,2,R,R,removal
Temple Garden,42,15,174,55,113,4,0,,"G,W","land,mana,shock"
Undergrowth Stadium,41,14,175,45,135,8,0,,"B,G","land,mana"
Bloom Tender,41,14,176,26,188,27,2,G,G,"mana,dork"
Godless Shrine,40,14,177,53,114,2,0,,"B,W","land,mana,shock"
Waterlogged Grove,40,14,178,42,142,5,0,,"G,U","land,mana"
Autumn's Veil,39,14,179,25,193,28,1,G,G,protection
Dramatic Reversal,39,14,180,22,204,34,2,U,U,"ritual,mana,combo"
Grinding Station,39,14,181,14,263,39,2,,,combo
Luxury Suite,39,14,182,47,130,3,0,,"B,R","land,mana"
Allosaurus Shepherd,38,13,183,24,196,29,1,G,G,protection
Deafening Silence,38,13,184,27,185,10,1,W,W,casthate
Archon of Emeria,37,13,185,27,182,11,3,W,W,"casthate,landhate"
Training Center,37,13,186,42,143,3,0,,"R,U",
Tinder Wall,36,12,187,48,125,2,1,G,"G,R","ritual,mana"
Solve the Equation,36,12,188,21,207,35,3,U,U,tutor
Homeward Path,36,12,189,12,280,40,0,,,"land,mana"
Stomping Ground,36,12,190,48,127,3,0,,"G,R","land,mana,shock"
Talisman of Creativity,36,12,191,40,148,4,2,,"R,U","mana,rock"
Final Fortune,36,12,192,24,199,15,2,R,R,turn
Plains,36,12,193,26,189,12,0,,W,"land,mana,basic"
Sylvan Safekeeper,35,12,194,22,203,30,1,G,G,protection
Preordain,35,12,195,20,218,36,1,U,U,cantrip
Sacred Foundry,34,12,196,41,146,2,0,,"R,W","land,mana,shock"
Noble Hierarch,34,12,197,80,44,1,1,G,"G,U,W","mana,dork"
Serra Ascendant,33,11,198,24,195,13,1,W,W,
Force of Vigor,33,11,199,21,206,31,4,G,G,removal
"Yavimaya, Cradle of Growth",33,11,200,11,289,41,0,,,"land,mana"
Ignoble Hierarch,33,11,201,75,56,1,1,G,"B,G,R","mana,dork"
Skyclave Apparition,33,11,202,24,201,14,3,W,W,removal
Destiny Spinner,32,11,203,20,212,32,2,G,G,protection
Isochron Scepter,32,11,204,11,294,42,2,,,combo
Twinflame,32,11,205,21,210,16,2,R,R,combo
Faithless Looting,31,11,206,20,215,17,1,R,R,loot
"Narset, Parter of Veils",31,11,207,18,226,37,3,U,U,"draw,drawhate"
Mountain,31,11,208,20,217,18,0,,R,"land,mana,basic"
Notion Thief,31,11,209,34,160,5,4,"B,U","B,U","drawhate,draw"
Talisman of Progress,31,11,210,40,149,3,2,,"U,W","mana,rock"
"Boseiju, Who Endures",30,10,211,19,220,33,0,,G,"land,mana,removal"
Nurturing Peatland,30,10,212,33,161,9,0,,"B,G","land,mana"
Priest of Titania,30,10,213,19,221,34,2,G,G,"mana,dork"
Null Rod,30,10,214,10,303,43,2,,,artifacthate
Dualcaster Mage,30,10,215,20,216,19,3,R,R,combo
Dragon's Rage Channeler,30,10,216,20,219,20,1,R,R,loot
Merchant Scroll,29,10,217,17,230,38,2,U,U,tutor
Winds of Rebuke,29,10,218,17,232,39,2,U,U,bounce
Springleaf Drum,29,10,219,10,304,44,1,,,mana
Lim-DÃ»l's Vault,29,10,220,31,171,6,2,"B,U","B,U",
Resculpt,29,10,221,17,236,40,2,U,U,removal
Ethersworn Canonist,28,10,222,20,214,15,2,W,W,casthate
Sea of Clouds,28,10,223,36,157,4,0,,"U,W","land,mana"
Talisman of Indulgence,27,9,224,32,164,4,2,,"B,R","mana,rock"
Transmute Artifact,27,9,225,15,247,41,2,U,U,tutor
"Urborg, Tomb of Yawgmoth",27,9,226,9,317,45,0,,,"land,mana"
Rest in Peace,27,9,227,19,222,16,2,W,W,gravehate
Snow-Covered Plains,27,9,228,19,223,17,0,,W,"land,mana,basic,snow"
Recruiter of the Guard,26,9,229,18,227,18,3,W,W,tutor
Eidolon of Rhetoric,26,9,230,18,228,19,3,W,W,casthate
Cloudstone Curio,26,9,231,9,326,46,3,,,combo
Skirk Prospector,25,9,232,16,241,21,1,R,R,"ritual,mana"
Inventors' Fair,25,9,233,9,312,47,0,,,"land,mana,tutor"
Copy Artifact,25,9,234,14,257,42,2,U,U,copy
Chalice of the Void,25,9,235,9,314,48,0,,,casthate
Skullclamp,25,9,236,9,324,49,1,,,draw
Underground River,25,9,237,27,186,7,0,,"B,U","land,mana"
Mnemonic Betrayal,25,9,238,27,187,8,3,"B,U","B,U",recursion
"Thalia, Guardian of Thraben",24,8,239,17,234,20,2,W,W,casthate
Bountiful Promenade,24,8,240,31,170,5,0,,"G,W","land,mana"
Toxic Deluge,24,8,241,15,251,27,3,B,B,"removal,massremoval"
Unmarked Grave,24,8,242,15,252,28,2,B,B,tutor
Misdirection,24,8,243,14,264,43,5,U,U,
Trinisphere,24,8,244,8,357,50,3,,,casthate
Summoner's Pact,23,8,245,14,255,35,0,G,G,tutor
Lightning Greaves,23,8,246,8,337,51,2,,,protection
Dance of the Dead,23,8,247,15,248,29,2,B,B,reanimate
Lightning Bolt,23,8,248,15,249,22,1,R,R,removal
Natural Order,23,8,249,14,261,36,4,G,G,tutor
Smothering Tithe,23,8,250,16,243,21,4,W,W,mana
Crystal Vein,22,7,251,7,364,52,0,,,"land,mana"
"Razaketh, the Foulblooded",22,7,252,14,258,30,8,B,B,tutor
Quirion Ranger,22,7,253,14,260,37,1,G,G,combo
"Teferi, Master of Time",22,7,254,12,284,44,4,U,U,
Tibalt's Trickery,22,7,255,14,265,23,2,R,R,counter
Mizzix's Mastery,21,7,256,14,254,24,4,R,R,recursion
Sylvan Tutor,21,7,257,13,271,38,1,G,G,tutor
Dress Down,21,7,258,12,279,45,2,U,U,
Sanctum Prelate,21,7,259,15,250,22,3,W,W,removal
Emiel the Blessed,21,7,260,27,184,6,4,W,"G,W",flicker
Seedborn Muse,21,7,261,13,274,39,5,G,G,
Fabricate,20,7,262,11,290,46,3,U,U,tutor
Boreal Druid,20,7,263,12,283,40,1,G,G,"mana,dork"
Pongify,20,7,264,11,293,47,1,U,U,removal
Infernal Plunge,20,7,265,13,272,25,1,R,R,"ritual,mana"
Bolas's Citadel,20,7,266,13,275,31,6,B,B,
Mystic Sanctuary,20,7,267,11,299,48,0,,U,"land,mana,recursion"
Grafdigger's Cage,20,7,268,7,374,53,1,,,gravehate
Rule of Law,20,7,269,14,266,23,3,W,W,casthate
Ephemerate,20,7,270,14,268,24,1,W,W,flicker
Dryad Arbor,19,6,271,12,278,41,0,G,G,"land,mana,dork"
Life // Death,19,6,272,21,208,10,3,"B,G","B,G",reanimate
Fiery Islet,19,6,273,21,209,5,0,,"R,U","land,mana"
Horizon Canopy,19,6,274,25,194,7,0,,"G,W","land,mana"
Hope of Ghirapur,19,6,275,6,399,54,1,,,
Dovin's Veto,19,6,276,24,200,5,2,"U,W","U,W",counter
Walking Ballista,18,6,277,6,391,55,0,,,combo
Cursed Totem,18,6,278,6,393,56,2,,,creaturehate
"Karn, the Great Creator",18,6,279,6,404,57,4,,,artifacthate
Thorn of Amethyst,18,6,280,6,407,58,2,,,casthate
Alchemist's Retrieval,18,6,281,10,309,49,1,U,U,bounce
Basalt Monolith,17,6,282,6,386,59,3,,,"mana,rock,manapositive"
Talisman of Curiosity,17,6,283,17,231,6,2,,"G,U","mana,rock"
Tangle Wire,17,6,284,6,389,60,3,,,
Loyal Apprentice,17,6,285,11,292,26,2,R,R,
Spire Garden,17,6,286,22,205,4,0,,"G,R",
Snow-Covered Mountain,17,6,287,11,297,27,0,,R,"land,mana,basic,snow"
Shallow Grave,17,6,288,11,298,32,2,B,B,
Counterspell,17,6,289,10,307,50,2,U,U,counter
Dig Through Time,17,6,290,10,308,51,8,U,U,draw
"Linvala, Keeper of Silence",17,6,291,12,286,25,4,W,W,
"Kinnan, Bonder Prodigy",16,5,292,16,240,7,2,"G,U","G,U","combo,mana"
Exploration,16,5,293,10,301,42,1,G,G,
"Toski, Bearer of Secrets",16,5,294,10,302,43,4,G,G,
Stony Silence,16,5,295,11,296,26,2,W,W,artifacthate
Dimir Signet,16,5,296,17,235,9,2,,"B,U","mana,rock"
Izzet Signet,16,5,297,18,229,6,2,,"R,U","mana,rock"
Spectator Seating,16,5,298,19,224,3,0,,"R,W",
Memory's Journey,15,5,299,15,244,8,2,U,"G,U",
Yavimaya Coast,15,5,300,15,246,9,0,,"G,U","land,mana"
Counterbalance,15,5,301,8,336,52,2,U,U,casthate
Root Maze,15,5,302,9,315,44,1,G,G,"landhate,artifacthate"
Thoughtseize,15,5,303,9,316,33,1,B,B,combo
"Ashaya, Soul of the Wild",15,5,304,9,319,45,5,G,G,
Leonin Relic-Warder,15,5,305,10,305,27,2,W,W,
"Kiki-Jiki, Mirror Breaker",15,5,306,10,306,28,5,R,R,combo
Command Beacon,15,5,307,5,429,61,0,,,"land,mana"
Gemstone Mine,15,5,308,5,430,62,0,,,"land,mana"
Frantic Search,15,5,309,8,349,53,3,U,U,loot
Laboratory Maniac,15,5,310,8,351,54,3,U,U,win
"Nykthos, Shrine to Nyx",15,5,311,5,436,63,0,,,"land,mana"
Archon of Valor's Reach,15,5,312,19,225,8,6,"G,W","G,W",casthate
Phyrexian Metamorph,15,5,313,8,360,55,4,U,U,copy
Defense Grid,14,5,314,5,416,64,2,,,protection
Hermit Druid,14,5,315,9,311,46,2,G,G,
"Oko, Thief of Crowns",14,5,316,14,256,10,3,"G,U","G,U",removal
Mayhem Devil,14,5,317,17,233,5,3,"B,R","B,R",
Hullbreaker Horror,14,5,318,8,341,56,7,U,U,combo
Narset's Reversal,14,5,319,8,342,57,2,U,U,
Goblin Engineer,14,5,320,9,322,29,2,R,R,recursion
Goblin Welder,14,5,321,9,323,30,1,R,R,recursion
Stitcher's Supplier,14,5,322,9,325,34,1,B,B,
Cabal Pit,14,5,323,9,327,35,0,,B,
Consecrated Sphinx,14,5,324,8,352,58,6,U,U,draw
Back to Basics,14,5,325,8,354,59,3,U,U,landhate
Whir of Invention,14,5,326,8,361,60,3,U,U,tutor
Shared Summons,14,5,327,9,333,47,5,G,G,tutor
"Jace, Wielder of Mysteries",13,4,328,7,363,61,4,U,U,
Birthing Pod,13,4,329,8,338,48,4,G,G,
Wirewood Symbiote,13,4,330,8,340,49,1,G,G,
Earthcraft,13,4,331,8,344,50,2,G,G,
Grim Tutor,13,4,332,8,347,36,3,B,B,
Vault of Champions,13,4,333,17,237,3,0,,"B,W",
Damn,13,4,334,17,238,4,2,B,"B,W",
Mother of Runes,13,4,335,9,328,28,1,W,W,
Path to Exile,13,4,336,9,329,29,1,W,W,
Giver of Runes,13,4,337,9,330,30,1,W,W,
Buried Alive,13,4,338,8,358,37,3,B,B,
Burnt Offering,13,4,339,15,253,6,1,B,"B,R",
Arcum's Astrolabe,13,4,340,4,505,65,1,,,
Fetid Heath,12,4,341,16,239,5,0,,"B,W",
Grim Hireling,12,4,342,7,362,38,4,B,B,
Moonsilver Key,12,4,343,4,469,66,2,,,
Chain of Smog,12,4,344,7,365,39,2,B,B,
"Vilis, Broker of Blood",12,4,345,7,366,40,8,B,B,
Protean Hulk,12,4,346,7,368,51,7,G,G,
Spirit of the Labyrinth,12,4,347,8,345,31,2,W,W,
Doomsday,12,4,348,7,371,41,3,B,B,
Heat Shimmer,12,4,349,8,348,31,3,R,R,
Scheming Symmetry,12,4,350,7,372,42,1,B,B,
Magus of the Moon,12,4,351,8,355,32,3,R,R,
War Room,12,4,352,4,485,67,0,,,
Mindbreak Trap,12,4,353,7,377,62,4,U,U,
Cabal Therapy,12,4,354,7,378,43,1,B,B,
Slaughter Pact,12,4,355,7,379,44,0,B,B,
Sacrifice,12,4,356,7,380,45,1,B,B,
Deadly Rollick,12,4,357,7,383,46,4,B,B,
Tezzeret the Seeker,12,4,358,7,384,63,5,U,U,
Treasure Vault,11,3,359,3,525,68,0,,,
Fiend Artisan,11,3,360,12,281,11,2,"B,G","B,G",
Phyrexian Revoker,11,3,361,3,528,69,2,,,
Witherbloom Apprentice,11,3,362,12,282,12,2,"B,G","B,G",
Vexing Shusher,11,3,363,14,259,5,2,"G,R","G,R",
Hyrax Tower Scout,11,3,364,7,367,52,3,G,G,
Scryb Ranger,11,3,365,7,369,53,2,G,G,
Academy Rector,11,3,366,8,343,32,4,W,W,
Orcish Lumberjack,11,3,367,14,262,6,1,R,"G,R",
Sunbaked Canyon,11,3,368,13,273,4,0,,"R,W",
Archmage Emeritus,11,3,369,6,400,64,4,U,U,
Strike It Rich,11,3,370,7,373,33,1,R,R,
Solitude,11,3,371,8,356,33,5,W,W,
"Lavinia, Azorius Renegade",11,3,372,14,267,6,2,"U,W","U,W",
Memnite,11,3,373,3,584,70,0,,,
Sunken Ruins,11,3,374,12,288,10,0,,"B,U",
Temur Sabertooth,11,3,375,7,382,54,4,G,G,
Manamorphose,11,3,376,14,269,7,2,"G,R","G,R",
Step Through,11,3,377,6,411,65,5,U,U,
Personal Tutor,11,3,378,6,412,66,1,U,U,
Sapphire Medallion,11,3,379,3,592,71,2,,,
Mouth of Ronom,11,3,380,3,598,72,0,,,
Treasonous Ogre,11,3,381,7,385,34,4,R,R,
Concordant Crossroads,10,3,382,6,387,55,1,G,G,
Snapcaster Mage,10,3,383,5,417,67,2,U,U,
"Shizo, Death's Storehouse",10,3,384,6,388,47,0,,B,
Torpor Orb,10,3,385,3,529,73,2,,,
Llanowar Wastes,10,3,386,11,291,13,0,,"B,G",
Joraga Treespeaker,10,3,387,6,392,56,1,G,G,
Pattern of Rebirth,10,3,388,6,395,57,4,G,G,
"Grist, the Hunger Tide",10,3,389,11,295,14,3,"B,G","B,G",
Hushbringer,10,3,390,7,370,34,2,W,W,
Glimmervoid,10,3,391,3,547,74,0,,,
Sulfurous Springs,10,3,392,12,285,7,0,,"B,R",
Spectral Sailor,10,3,393,5,432,68,1,U,U,
Burning Inquiry,10,3,394,6,402,35,1,R,R,
Chaos Warp,10,3,395,6,403,36,3,R,R,
Brushland,10,3,396,13,276,9,0,,"G,W",
"Elesh Norn, Grand Cenobite",10,3,397,7,375,35,7,W,W,
"Yasharn, Implacable Earth",10,3,398,13,277,10,4,"G,W","G,W",
Stoneforge Mystic,10,3,399,7,376,36,2,W,W,
Blood Pet,10,3,400,6,408,48,1,B,B,
Viscera Seer,10,3,401,6,409,49,1,B,B,
Wear // Tear,10,3,402,12,287,5,3,"R,W","R,W",
Aetherflux Reservoir,10,3,403,3,573,75,4,,,
Curiosity,10,3,404,5,456,69,1,U,U,
Unsubstantiate,10,3,405,5,458,70,2,U,U,
Reclamation Sage,10,3,406,6,413,58,3,G,G,
Beast Within,10,3,407,6,415,59,3,G,G,
Simic Signet,9,3,408,9,313,11,2,,"G,U",
Damping Sphere,9,3,409,3,527,76,2,,,
Manglehorn,9,3,410,5,420,60,3,G,G,
Final Parting,9,3,411,5,421,50,5,B,B,
Goblin Bombardment,9,3,412,6,390,37,2,R,R,
Imp's Mischief,9,3,413,5,422,51,2,B,B,
Thousand-Year Elixir,9,3,414,3,535,77,3,,,
Umbral Mantle,9,3,415,3,536,78,3,,,
Woodland Bellower,9,3,416,5,424,61,6,G,G,
Submerge,9,3,417,5,426,71,5,U,U,
Polymorph,9,3,418,5,427,72,4,U,U,
Open the Armory,9,3,419,6,394,37,2,W,W,
Karmic Guide,9,3,420,6,396,38,5,W,W,
Cathartic Pyre,9,3,421,6,398,38,2,R,R,
Ulcerate,9,3,422,5,431,52,1,B,B,
Blood Moon,9,3,423,6,401,39,3,R,R,
Buried Ruin,9,3,424,3,553,79,0,,,
Blind Obedience,9,3,425,6,405,39,2,W,W,
Heliod's Intervention,9,3,426,6,406,40,2,W,W,
Sphere of Resistance,9,3,427,3,560,80,2,,,
Feed the Swarm,9,3,428,5,448,53,2,B,B,
"Yisan, the Wanderer Bard",9,3,429,5,455,62,3,G,G,
Shivan Reef,9,3,430,10,310,7,0,,"R,U",
Mausoleum Secrets,9,3,431,5,462,54,2,B,B,
Azorius Signet,9,3,432,11,300,7,2,,"U,W",
Conjurer's Bauble,8,2,433,2,627,81,1,,,
Turn the Earth,8,2,434,5,418,63,1,G,G,
Twilight Mire,8,2,435,8,339,15,0,,"B,G",
Fire Covenant,8,2,436,9,318,8,3,"B,R","B,R",
Phyrexian Walker,8,2,437,2,639,82,0,,,
Wirewood Lodge,8,2,438,5,423,64,0,,G,
Lotus Cobra,8,2,439,5,425,65,2,G,G,
Rapid Hybridization,8,2,440,4,470,73,1,U,U,
Proteus Staff,8,2,441,4,472,74,3,,U,
Blackcleave Cliffs,8,2,442,9,321,9,0,,"B,R",
Darkslick Shores,8,2,443,8,350,11,0,,"B,U",
Soul-Guide Lantern,8,2,444,2,673,83,1,,,
High Market,8,2,445,2,692,84,0,,,
Food Chain,8,2,446,5,440,66,3,G,G,
Corpse Dance,8,2,447,5,443,55,3,B,B,
Cathar Commando,8,2,448,5,444,41,2,W,W,
Three Visits,8,2,449,5,446,67,2,G,G,
Ornithopter,8,2,450,2,721,85,0,,,
Overmaster,8,2,451,5,449,40,1,R,R,
Rakdos Signet,8,2,452,9,331,10,2,,"B,R",
Dread Return,8,2,453,5,452,56,4,B,B,
Training Grounds,8,2,454,4,496,75,1,U,U,
"Kogla, the Titan Ape",8,2,455,5,454,68,6,G,G,
Glint-Horn Buccaneer,8,2,456,5,457,41,3,R,R,
Desperate Ritual,8,2,457,5,459,42,2,R,R,
Aether Spellbomb,8,2,458,4,504,76,1,,U,
Jeweled Amulet,8,2,459,2,742,86,0,,,
Winter Orb,8,2,460,2,746,87,2,,,
Ancient Den,8,2,461,5,461,42,0,,W,
Chromatic Star,8,2,462,2,755,88,1,,,
Cloud of Faeries,8,2,463,4,510,77,2,U,U,
Trinket Mage,8,2,464,4,518,78,3,U,U,
"Minamo, School at Water's Edge",7,2,465,4,467,79,0,,U,
Suspend,7,2,466,4,471,80,1,U,U,
Paradise Mantle,7,2,467,2,644,89,0,,,
Felidar Guardian,7,2,468,5,428,43,4,W,W,
Silent Clearing,7,2,469,9,320,6,0,,"B,W",
Goblin Recruiter,7,2,470,4,475,43,2,R,R,
Graven Cairns,7,2,471,8,346,11,0,,"B,R",
Metallic Mimic,7,2,472,2,660,90,2,,,
Peat Bog,7,2,473,4,476,57,0,,B,
Blast Zone,7,2,474,2,671,91,0,,,
Pithing Needle,7,2,475,2,672,92,1,,,
Alseid of Life's Bounty,7,2,476,5,433,44,1,W,W,
Kenrith's Transformation,7,2,477,4,480,69,2,G,G,
Paladin Class,7,2,478,5,434,45,1,W,W,
Sanctum Weaver,7,2,479,4,481,70,2,G,G,
Winds of Abandon,7,2,480,5,435,46,2,W,W,
Mishra's Workshop,7,2,481,2,689,93,0,,,
Unexpectedly Absent,7,2,482,5,437,47,2,W,W,
Portable Hole,7,2,483,5,438,48,1,W,W,
Vryn Wingmare,7,2,484,5,439,49,3,W,W,
Worldgorger Dragon,7,2,485,4,487,44,6,R,R,
Static Orb,7,2,486,2,700,94,3,,,
Altar of Dementia,7,2,487,2,702,95,2,,,
Collective Brutality,7,2,488,4,488,58,2,B,B,
Postmortem Lunge,7,2,489,4,489,59,1,B,B,
Village Bell-Ringer,7,2,490,5,447,50,3,W,W,
Unearth,7,2,491,4,493,60,1,B,B,
Phyrexian Altar,7,2,492,2,726,96,3,,,
Talisman of Conviction,7,2,493,8,359,6,2,,"R,W",
Auriok Salvagers,7,2,494,5,450,51,4,W,W,
"Shalai, Voice of Plenty",7,2,495,9,332,11,4,W,"G,W",
Narcomoeba,7,2,496,4,494,81,2,U,U,
"Barrin, Master Wizard",7,2,497,4,497,82,3,U,U,
"Boseiju, Who Shelters All",7,2,498,2,737,97,0,,,
Pyretic Ritual,7,2,499,4,498,45,2,R,R,
Sandstone Needle,7,2,500,4,499,46,0,,R,
Saprazzan Skerry,7,2,501,4,500,83,0,,U,
Snapback,7,2,502,4,501,84,2,U,U,
Everflowing Chalice,7,2,503,2,741,98,0,,,
Mishra's Bauble,7,2,504,2,743,99,0,,,
The Tabernacle at Pendrell Vale,7,2,505,2,749,100,0,,,
Spellskite,7,2,506,4,506,85,2,,U,
Tireless Provisioner,7,2,507,4,508,71,3,G,G,
Circle of Dreams Druid,7,2,508,4,509,72,3,G,G,
Conqueror's Flail,7,2,509,2,753,101,2,,,
Mystic Forge,7,2,510,2,756,102,4,,,
Staff of Domination,7,2,511,2,757,103,3,,,
Codex Shredder,7,2,512,2,758,104,1,,,
Temporal Manipulation,7,2,513,4,511,86,5,U,U,
Castle Garenbrig,7,2,514,4,512,73,0,,G,
Adarkar Wastes,7,2,515,9,334,8,0,,"U,W",
Fauna Shaman,7,2,516,4,514,74,2,G,G,
Goblin Matron,7,2,517,4,515,47,3,R,R,
Thrill of Possibility,7,2,518,4,522,48,2,R,R,
Scroll Rack,6,2,519,2,625,105,2,,,
Cephalid Illusionist,6,2,520,3,524,87,2,U,U,
Chains of Mephistopheles,6,2,521,3,526,61,2,B,B,
Waste Not,6,2,522,3,530,62,2,B,B,
The Meathook Massacre,6,2,523,3,531,63,2,B,B,
Fatestitcher,6,2,524,3,534,88,4,U,U,
Wall of Roots,6,2,525,3,538,75,2,G,G,
Squirrel Nest,6,2,526,3,544,76,3,G,G,
Aura of Silence,6,2,527,4,474,52,3,W,W,
Carrion Feeder,6,2,528,3,545,64,1,B,B,
Torch Courier,6,2,529,4,477,49,1,R,R,
"Magda, Brazen Outlaw",6,2,530,4,478,50,2,R,R,
Helm of Awakening,6,2,531,2,665,106,2,,,
Gush,6,2,532,3,549,89,5,U,U,
Ghostly Pilferer,6,2,533,3,550,90,2,U,U,
Lurrus of the Dream-Den,6,2,534,8,353,7,3,"B,W","B,W",
Bonus Round,6,2,535,4,479,51,3,R,R,
Fertile Ground,6,2,536,3,555,77,2,G,G,
Fragmentize,6,2,537,4,482,53,1,W,W,
Orim's Chant,6,2,538,4,483,54,1,W,W,
Oswald Fiddlebender,6,2,539,4,484,55,2,W,W,
Uba Mask,6,2,540,2,695,107,4,,,
"Squee, the Immortal",6,2,541,4,486,52,3,R,R,
Stasis,6,2,542,3,565,91,2,U,U,
Careful Study,6,2,543,3,567,92,1,U,U,
Body Snatcher,6,2,544,3,568,65,4,B,B,
Lesser Masticore,6,2,545,2,704,108,2,,,
Dismember,6,2,546,3,574,66,3,B,B,
Exhume,6,2,547,3,575,67,2,B,B,
Nature's Lore,6,2,548,3,577,78,2,G,G,
Profane Tutor,6,2,549,3,578,68,0,B,B,
Jet Medallion,6,2,550,2,714,109,2,,,
Meltdown,6,2,551,4,491,53,1,R,R,
Battlefield Forge,6,2,552,7,381,7,0,,"R,W",
"Rograkh, Son of Rohgahh",6,2,553,4,492,54,0,R,R,
Ophidian Eye,6,2,554,3,587,93,3,U,U,
Daze,6,2,555,3,588,94,2,U,U,
"Derevi, Empyrial Tactician",6,2,556,14,270,2,3,"G,U,W","G,U,W",
Expedite,6,2,557,4,502,55,1,R,R,
Storm-Kiln Artist,6,2,558,4,503,56,4,R,R,
Power Artifact,6,2,559,3,591,95,2,U,U,
Urza's Bauble,6,2,560,2,745,110,0,,,
Past in Flames,6,2,561,4,507,57,4,R,R,
Village Rites,6,2,562,3,594,69,1,B,B,
Expedition Map,6,2,563,2,752,111,1,,,
High Tide,6,2,564,3,599,96,1,U,U,
Mind Stone,6,2,565,2,759,112,2,,,
Vedalken Aethermage,6,2,566,3,600,97,2,U,U,
Reshape,6,2,567,3,606,98,2,U,U,
Possibility Storm,6,2,568,4,517,58,5,R,R,
Chromatic Sphere,6,2,569,2,786,113,1,,,
Impulse,6,2,570,3,615,99,2,U,U,
"Oboro, Palace in the Clouds",6,2,571,3,617,100,0,,U,
Winds of Change,6,2,572,4,519,59,1,R,R,
Capture of Jingzhou,6,2,573,3,618,101,5,U,U,
Time Warp,6,2,574,3,620,102,5,U,U,
Geistwave,5,1,575,2,624,103,2,U,U,
"Thrasios, Triton Hero",5,1,576,5,419,12,2,"G,U","G,U",
Loyal Retainers,5,1,577,3,533,56,3,W,W,
Tidespout Tyrant,5,1,578,2,640,104,8,U,U,
Trophy Mage,5,1,579,2,641,105,3,U,U,
"Urza, Lord High Artificer",5,1,580,2,642,106,4,U,U,
Vitalize,5,1,581,3,537,79,1,G,G,
Fierce Empath,5,1,582,3,539,80,3,G,G,
Barbarian Ring,5,1,583,3,540,60,0,,R,
Devoted Druid,5,1,584,3,543,81,2,G,G,
Vanishing Verse,5,1,585,6,397,8,2,"B,W","B,W",
Weathered Wayfarer,5,1,586,3,546,57,1,W,W,
Disenchant,5,1,587,3,548,58,2,W,W,
Clock of Omens,5,1,588,1,878,114,4,,,
Memory Jar,5,1,589,1,886,115,5,,,
Pyrite Spellbomb,5,1,590,3,554,61,1,,R,
Hall of Heliod's Generosity,5,1,591,3,556,59,0,,W,
Aether Vial,5,1,592,1,907,116,1,,,
Pyre of Heroes,5,1,593,1,915,117,2,,,
Eternal Scourge,5,1,594,1,918,118,3,,,
Misthollow Griffin,5,1,595,2,696,107,4,U,U,
"Ashiok, Dream Render",5,1,596,5,441,12,3,"B,U","B,U",
Mystic Reflection,5,1,597,2,701,108,2,U,U,
Blooming Marsh,5,1,598,5,442,16,0,,"B,G",
Disciple of the Vault,5,1,599,3,569,70,1,B,B,
Persist,5,1,600,3,570,71,2,B,B,
Talisman of Resilience,5,1,601,5,445,17,2,,"B,G",
Lake of the Dead,5,1,602,3,579,72,0,,B,
"Sidisi, Undead Vizier",5,1,603,3,580,73,5,B,B,
Azra Oddsmaker,5,1,604,6,410,12,3,"B,R","B,R",
Blinkmoth Nexus,5,1,605,1,932,119,0,,,
Ornithopter of Paradise,5,1,606,1,937,120,2,,,
Mirror Entity,5,1,607,3,582,60,3,W,W,
Spell Snare,5,1,608,2,725,109,1,U,U,
Bring to Light,5,1,609,5,460,13,5,"G,U","G,U",
Mindblade Render,5,1,610,3,589,74,2,B,B,
Crimson Wisps,5,1,611,3,590,62,1,R,R,
Time Spiral,5,1,612,2,744,110,6,U,U,
Recurring Insight,5,1,613,2,747,111,6,U,U,
Steal Enchantment,5,1,614,2,748,112,2,U,U,
Children of Korlis,5,1,615,3,593,61,1,W,W,
Karametra's Acolyte,5,1,616,3,595,82,4,G,G,
Regrowth,5,1,617,3,596,83,2,G,G,
Weird Harvest,5,1,618,3,597,84,2,G,G,
Darksteel Citadel,5,1,619,1,980,121,0,,,
Ashnod's Altar,5,1,620,1,992,122,3,,,
Consider,5,1,621,2,760,113,1,U,U,
Grove of the Burnwillows,5,1,622,6,414,8,0,,"G,R",
Field of the Dead,5,1,623,1,1017,123,0,,,
Regal Force,5,1,624,3,603,85,7,G,G,
Return of the Wildspeaker,5,1,625,3,604,86,5,G,G,
Tooth and Nail,5,1,626,3,605,87,7,G,G,
Light Up the Stage,5,1,627,3,607,63,3,R,R,
Goblin Sharpshooter,5,1,628,3,608,64,3,R,R,
Painter's Servant,5,1,629,1,1052,124,2,,,
Somberwald Sage,5,1,630,3,610,88,3,G,G,
Finale of Promise,5,1,631,3,613,65,2,R,R,
Grapeshot,5,1,632,3,614,66,2,R,R,
Ruby Medallion,5,1,633,1,1065,125,2,,,
Plunge into Darkness,5,1,634,3,623,75,2,B,B,
Mesmeric Orb,4,1,635,1,828,126,2,,,
Brazen Borrower // Petty Theft,4,1,636,2,626,114,3,U,U,
Traumatize,4,1,637,2,628,115,5,U,U,
Flooded Grove,4,1,638,4,468,14,0,,"G,U",
Sidisi's Faithful,4,1,639,2,629,116,1,U,U,
Geier Reach Sanitarium,4,1,640,1,836,127,0,,,
Oppression,4,1,641,2,631,76,3,B,B,
Yavimaya Hollow,4,1,642,2,632,89,0,,G,
"Yawgmoth, Thran Physician",4,1,643,2,633,77,4,B,B,
Chatterstorm,4,1,644,2,634,90,2,G,G,
Hall of the Bandit Lord,4,1,645,1,845,128,0,,,
Instill Energy,4,1,646,2,636,91,1,G,G,
Nature's Chosen,4,1,647,2,638,92,1,G,G,
Shield Sphere,4,1,648,1,848,129,0,,,
Reality Scramble,4,1,649,2,645,67,4,R,R,
Transmogrify,4,1,650,2,646,68,4,R,R,
Pyroclasm,4,1,651,2,648,69,2,R,R,
Greater Gargadon,4,1,652,2,650,70,10,R,R,
Conspicuous Snoop,4,1,653,2,655,71,2,R,R,
Cursed Mirror,4,1,654,2,656,72,3,R,R,
Fire Prophecy,4,1,655,2,657,73,2,R,R,
"Grenzo, Havoc Raiser",4,1,656,2,658,74,2,R,R,
Maralen of the Mornsong,4,1,657,2,659,78,3,B,B,
Zealous Conscripts,4,1,658,2,662,75,5,R,R,
Dark Petition,4,1,659,2,663,79,5,B,B,
Grasp of Fate,4,1,660,2,664,62,3,W,W,
Angel's Grace,4,1,661,2,666,63,1,W,W,
Academy Ruins,4,1,662,2,667,117,0,,U,
Opt,4,1,663,2,669,118,1,U,U,
Wavebreak Hippocamp,4,1,664,2,670,119,3,U,U,
Bazaar of Baghdad,4,1,665,1,874,130,0,,,
Academy Manufactor,4,1,666,1,876,131,3,,,
Smuggler's Copter,4,1,667,1,889,132,2,,,
Thunderclap,4,1,668,2,674,76,3,R,R,
Universal Automaton,4,1,669,1,892,133,1,,,
Mogg Salvage,4,1,670,2,676,77,3,R,R,
Land Tax,4,1,671,2,679,64,1,W,W,
Serra's Sanctum,4,1,672,2,682,65,0,,W,
Living Plane,4,1,673,2,687,93,4,G,G,
Mask of Memory,4,1,674,1,909,134,2,,,
Salvage Scout,4,1,675,2,690,66,1,W,W,
Sword of Fire and Ice,4,1,676,1,912,135,3,,,
Umezawa's Jitte,4,1,677,1,913,136,2,,,
Weathered Runestone,4,1,678,1,914,137,2,,,
Apprentice Necromancer,4,1,679,2,703,80,2,B,B,
"Varragoth, Bloodsky Sire",4,1,680,2,705,81,3,B,B,
Helm of the Host,4,1,681,1,924,138,4,,,
"Rionya, Fire Dancer",4,1,682,2,709,78,5,R,R,
Defense of the Heart,4,1,683,2,712,94,4,G,G,
Snuff Out,4,1,684,2,713,82,4,B,B,
Squandered Resources,4,1,685,4,490,18,2,"B,G","B,G",
Combat Celebrant,4,1,686,2,715,79,3,R,R,
Goblin Cratermaker,4,1,687,2,717,80,2,R,R,
Inkmoth Nexus,4,1,688,1,935,139,0,,,
Benevolent Bodyguard,4,1,689,2,723,67,1,W,W,
Mishra's Factory,4,1,690,1,941,140,0,,,
Rushing River,4,1,691,2,724,120,3,U,U,
"Selvala, Heart of the Wilds",4,1,692,2,727,95,3,G,G,
Insolent Neonate,4,1,693,2,728,81,1,R,R,
Talisman of Hierarchy,4,1,694,5,451,9,2,,"B,W",
Vile Entomber,4,1,695,2,729,83,4,B,B,
Biomancer's Familiar,4,1,696,4,495,15,2,"G,U","G,U",
Corpse Knight,4,1,697,5,453,10,2,"B,W","B,W",
Oakhame Adversary,4,1,698,2,732,96,4,G,G,
Ohran Frostfang,4,1,699,2,733,97,5,G,G,
"Vivien, Monsters' Advocate",4,1,700,2,735,98,5,G,G,
Blink of an Eye,4,1,701,2,736,121,2,U,U,
Reflecting Pool,4,1,702,1,963,141,0,,,
Thran Quarry,4,1,703,1,967,142,0,,,
Tormod's Crypt,4,1,704,1,973,143,0,,,
Tolaria West,4,1,705,2,750,122,0,,U,
Shrieking Drake,4,1,706,2,751,123,1,U,U,
Krark-Clan Ironworks,4,1,707,1,979,144,4,,,
Rings of Brighthearth,4,1,708,1,990,145,3,,,
Blasting Station,4,1,709,1,993,146,3,,,
Myr Moonvessel,4,1,710,1,996,147,1,,,
Myr Retriever,4,1,711,1,997,148,2,,,
Scrap Trawler,4,1,712,1,998,149,3,,,
Essence Flux,4,1,713,2,761,124,1,U,U,
Zulaport Cutthroat,4,1,714,2,762,84,2,B,B,
"Saryth, the Viper's Fang",4,1,715,2,764,99,4,G,G,
"Garruk, Primal Hunter",4,1,716,2,765,100,5,G,G,
Great Oak Guardian,4,1,717,2,766,101,6,G,G,
Invigorate,4,1,718,2,767,102,3,G,G,
Rishkar's Expertise,4,1,719,2,768,103,6,G,G,
Scale Up,4,1,720,2,769,104,1,G,G,
Soul's Majesty,4,1,721,2,770,105,5,G,G,
Vines of Vastwood,4,1,722,2,771,106,1,G,G,
Drown in Dreams,4,1,723,2,773,125,3,U,U,
"Nezahal, Primal Tide",4,1,724,2,774,126,7,U,U,
Recoup,4,1,725,2,775,82,2,R,R,
Ignite the Future,4,1,726,2,776,83,4,R,R,
Dire Fleet Daredevil,4,1,727,2,777,84,2,R,R,
Fire-Lit Thicket,4,1,728,5,463,9,0,,"G,R",
Karplusan Forest,4,1,729,5,464,10,0,,"G,R",
Wild Cantor,4,1,730,5,465,11,1,"G,R","G,R",
Augur of Autumn,4,1,731,2,782,107,3,G,G,
Splinter Twin,4,1,732,2,783,85,4,R,R,
Meloku the Clouded Mirror,4,1,733,2,784,127,5,U,U,
Trade Routes,4,1,734,2,785,128,2,U,U,
Wargate,4,1,735,9,335,3,3,"G,U,W","G,U,W",
Priest of Fell Rites,4,1,736,5,466,11,2,"B,W","B,W",
Temporal Mastery,4,1,737,2,789,129,7,U,U,
"Zirda, the Dawnwaker",4,1,738,4,521,8,3,"R,W","R,W",
Cathartic Reunion,4,1,739,2,796,86,2,R,R,
Crash Through,4,1,740,2,797,87,1,R,R,
Great Furnace,4,1,741,2,801,88,0,,R,
Grinning Ignus,4,1,742,2,802,89,3,R,R,
Magmatic Insight,4,1,743,2,804,90,1,R,R,
Renegade Tactics,4,1,744,2,806,91,1,R,R,
Seething Song,4,1,745,2,808,92,3,R,R,
Runaway Steam-Kin,4,1,746,2,812,93,2,R,R,
Sunscorched Desert,4,1,747,1,1131,150,0,,,
Rolling Earthquake,4,1,748,2,817,94,1,R,R,
Cryptic Trilobite,4,1,749,1,1141,151,0,,,
Botanical Sanctum,3,1,750,3,523,16,0,,"G,U",
Caustic Caterpillar,3,1,751,1,829,108,1,G,G,
Life from the Loam,3,1,752,1,832,109,2,G,G,
Mutavault,3,1,753,1,833,152,0,,,
Dark Deal,3,1,754,1,835,85,3,B,B,
Saw in Half,3,1,755,1,842,86,3,B,B,
Woodland Cemetery,3,1,756,3,532,19,0,,"B,G",
Corridor Monitor,3,1,757,1,844,130,2,U,U,
"Azusa, Lost but Seeking",3,1,758,1,850,110,3,G,G,
Riftsweeper,3,1,759,1,852,111,2,G,G,
Scavenging Ooze,3,1,760,1,853,112,2,G,G,
Divergent Transformations,3,1,761,2,643,95,7,R,R,
Anger of the Gods,3,1,762,2,647,96,3,R,R,
Altar of Bone,3,1,763,3,541,12,2,"G,W","G,W",
Faeburrow Elder,3,1,764,3,542,13,3,"G,W","G,W",
Managorger Hydra,3,1,765,1,858,113,3,G,G,
Seal of Primordium,3,1,766,1,859,114,2,G,G,
Shield Mate,3,1,767,2,653,68,1,W,W,
Tymna the Weaver,3,1,768,4,473,12,3,"B,W","B,W",
Young Wolf,3,1,769,1,866,115,1,G,G,
Thought Scour,3,1,770,1,871,131,1,U,U,
Changeling Outcast,3,1,771,1,872,87,1,B,B,
Paradigm Shift,3,1,772,1,873,132,2,U,U,
Dack Fayden,3,1,773,3,551,8,3,"R,U","R,U",
Izzet Charm,3,1,774,3,552,9,2,"R,U","R,U",
Elixir of Immortality,3,1,775,1,882,153,1,,,
Liquimetal Torque,3,1,776,1,885,154,2,,,
Spine of Ish Sah,3,1,777,1,891,155,7,,,
You Find Some Prisoners,3,1,778,2,675,97,2,R,R,
Argothian Enchantress,3,1,779,1,896,116,2,G,G,
Enchantress's Presence,3,1,780,1,898,117,3,G,G,
Flickering Ward,3,1,781,2,677,69,1,W,W,
Hallowed Haunting,3,1,782,2,678,70,4,W,W,
Mirri's Guile,3,1,783,1,899,118,1,G,G,
Moon-Blessed Cleric,3,1,784,2,680,71,3,W,W,
Seal of Cleansing,3,1,785,2,681,72,2,W,W,
Seedcradle Witch,3,1,786,3,557,14,1,"G,W","G,W",
Sterling Grove,3,1,787,3,558,15,2,"G,W","G,W",
Whip Silk,3,1,788,1,901,119,1,G,G,
Congregation at Dawn,3,1,789,3,559,16,3,"G,W","G,W",
"Kataki, War's Wage",3,1,790,2,683,73,2,W,W,
Ashes of the Abhorrent,3,1,791,2,686,74,2,W,W,
Leonin Arbiter,3,1,792,2,688,75,2,W,W,
Strip Mine,3,1,793,1,911,156,0,,,
Generous Gift,3,1,794,2,691,76,3,W,W,
Hushwing Gryff,3,1,795,2,693,77,3,W,W,
Samurai of the Pale Curtain,3,1,796,2,694,78,2,W,W,
Bladewing the Risen,3,1,797,3,561,13,7,"B,R","B,R",
Dream Halls,3,1,798,1,917,133,5,U,U,
Masked Vandal,3,1,799,1,919,120,2,G,G,
Moritte of the Frost,3,1,800,3,562,17,5,"G,U","G,U",
Scourge of Valkas,3,1,801,2,697,98,5,R,R,
Terror of the Peaks,3,1,802,2,698,99,5,R,R,
Ice Tunnel,3,1,803,3,563,13,0,,"B,U",
Rimewood Falls,3,1,804,3,564,18,0,,"G,U",
Woodland Chasm,3,1,805,3,566,20,0,,"B,G",
Goryo's Vengeance,3,1,806,1,922,88,2,B,B,
Fighter Class,3,1,807,3,571,9,2,"R,W","R,W",
Magnetic Theft,3,1,808,2,707,100,1,R,R,
Relic Seeker,3,1,809,2,708,79,2,W,W,
Rugged Prairie,3,1,810,3,572,10,0,,"R,W",
Search for Glory,3,1,811,2,710,80,3,W,W,
Steelshaper's Gift,3,1,812,2,711,81,1,W,W,
Golgari Signet,3,1,813,3,576,21,2,,"B,G",
Infernal Grasp,3,1,814,1,926,89,2,B,B,
Pentad Prism,3,1,815,1,930,157,2,,,
Blade Historian,3,1,816,3,581,11,4,"R,W","R,W",
Gingerbrute,3,1,817,1,934,158,1,,,
Glowrider,3,1,818,2,716,82,3,W,W,
Goblin Rabblemaster,3,1,819,2,718,101,3,R,R,
Gold Myr,3,1,820,2,719,83,2,,W,
Legion Warboss,3,1,821,2,720,102,3,R,R,
"Rick, Steadfast Leader",3,1,822,2,722,84,4,W,W,
Rip Apart,3,1,823,3,583,12,2,"R,W","R,W",
Engineered Explosives,3,1,824,1,944,159,0,,,
Life's Legacy,3,1,825,1,945,121,2,G,G,
Stonecoil Serpent,3,1,826,1,947,160,0,,,
Seat of the Synod,3,1,827,1,948,134,0,,U,
Arcane Laboratory,3,1,828,1,950,135,3,U,U,
Knowledge Pool,3,1,829,1,953,161,6,,,
"Toxrill, the Corrosive",3,1,830,3,585,14,7,B,"B,U",
Deadeye Navigator,3,1,831,1,956,136,6,U,U,
Eiganjo Castle,3,1,832,2,734,85,0,,W,
Magus of the Candelabra,3,1,833,1,958,122,1,G,G,
Pendelhaven,3,1,834,1,959,123,0,,G,
Wooded Bastion,3,1,835,3,586,17,0,,"G,W",
Pull from Tomorrow,3,1,836,1,962,137,2,U,U,
Claim the Firstborn,3,1,837,2,739,103,1,R,R,
Emerald Charm,3,1,838,1,964,124,1,G,G,
Void Snare,3,1,839,1,965,138,1,U,U,
Fork,3,1,840,2,740,104,2,R,R,
Doom Whisperer,3,1,841,1,974,90,5,B,B,
Argothian Elder,3,1,842,1,976,125,4,G,G,
God-Pharaoh's Statue,3,1,843,1,982,162,6,,,
Lodestone Golem,3,1,844,1,983,163,4,,,
Goblin Cannon,3,1,845,1,987,164,4,,,
Magewright's Stone,3,1,846,1,988,165,2,,,
Sanctifier en-Vec,3,1,847,2,754,86,2,W,W,
Junk Diver,3,1,848,1,994,166,3,,,
Metalworker,3,1,849,1,995,167,3,,,
Workshop Assistant,3,1,850,1,999,168,3,,,
Glamerdye,3,1,851,1,1005,139,2,U,U,
"Venser, Shaper Savant",3,1,852,1,1008,140,4,U,U,
Whim of Volrath,3,1,853,1,1009,141,1,U,U,
Ghostly Flicker,3,1,854,1,1011,142,3,U,U,
Blood Artist,3,1,855,1,1014,91,2,B,B,
Rushed Rebirth,3,1,856,3,601,22,2,"B,G","B,G",
Divining Witch,3,1,857,1,1016,92,2,B,B,
Kor Haven,3,1,858,2,763,87,0,,W,
Lore Drakkis,3,1,859,3,602,10,3,"R,U","R,U",
Beast Whisperer,3,1,860,1,1019,126,4,G,G,
Berserk,3,1,861,1,1020,127,1,G,G,
Mirage Mirror,3,1,862,1,1026,169,3,,,
Copperline Gorge,3,1,863,4,513,12,0,,"G,R",
Mogg Fanatic,3,1,864,2,778,105,1,R,R,
Ricochet Trap,3,1,865,2,780,106,4,R,R,
Sweltering Suns,3,1,866,2,781,107,3,R,R,
Talisman of Impulse,3,1,867,4,516,13,2,,"G,R",
Void Mirror,3,1,868,1,1040,170,2,,,
Reap,3,1,869,1,1044,128,2,G,G,
Negate,3,1,870,1,1047,143,2,U,U,
Prismatic Lens,3,1,871,1,1048,171,2,,,
Generous Patron,3,1,872,1,1050,129,3,G,G,
"Yusri, Fortune's Flame",3,1,873,3,609,11,3,"R,U","R,U",
Glen Elendra Archmage,3,1,874,1,1053,144,4,U,U,
"Aesi, Tyrant of Gyre Strait",3,1,875,3,611,19,6,"G,U","G,U",
Burgeoning,3,1,876,1,1056,130,1,G,G,
Ramunap Excavator,3,1,877,1,1058,131,3,G,G,
"Tatyova, Benthic Druid",3,1,878,3,612,20,5,"G,U","G,U",
Krark's Thumb,3,1,879,1,1063,172,2,,,
Tavern Scoundrel,3,1,880,2,787,108,2,R,R,
Sleight of Hand,3,1,881,1,1068,145,1,U,U,
"Melira, Sylvok Outcast",3,1,882,1,1069,132,2,G,G,
Bitterblossom,3,1,883,1,1070,93,2,B,B,
Drown in the Loch,3,1,884,3,616,15,2,"B,U","B,U",
Ophiomancer,3,1,885,1,1071,94,3,B,B,
Tandem Lookout,3,1,886,1,1075,146,3,U,U,
Beseech the Queen,3,1,887,1,1078,95,6,B,B,
Blood Celebrant,3,1,888,1,1079,96,1,B,B,
Grasp of Darkness,3,1,889,1,1081,97,2,B,B,
Gray Merchant of Asphodel,3,1,890,1,1082,98,5,B,B,
Necrotic Ooze,3,1,891,1,1085,99,4,B,B,
Skirge Familiar,3,1,892,1,1089,100,5,B,B,
Asmodeus the Archfiend,3,1,893,1,1092,101,6,B,B,
Supreme Verdict,3,1,894,3,619,9,4,"U,W","U,W",
Temporal Trespass,3,1,895,1,1106,147,11,U,U,
Walk the Aeons,3,1,896,1,1108,148,6,U,U,
Ulvenwald Tracker,3,1,897,1,1112,133,1,G,G,
Whispering Madness,3,1,898,3,621,16,4,"B,U","B,U",
Crookshank Kobolds,3,1,899,2,798,109,0,R,R,
Dwarven Ruins,3,1,900,2,799,110,0,,R,
Experimental Frenzy,3,1,901,2,800,111,4,R,R,
"Krark, the Thumbless",3,1,902,2,803,112,2,R,R,
Merchant of the Vale // Haggle,3,1,903,2,805,113,3,R,R,
Reverberate,3,1,904,2,807,114,2,R,R,
Spark of Creativity,3,1,905,2,809,115,1,R,R,
Tormenting Voice,3,1,906,2,810,116,2,R,R,
Warlord's Fury,3,1,907,2,811,117,1,R,R,
Scavenger Grounds,3,1,908,1,1124,173,0,,,
Conspiracy Theorist,3,1,909,2,813,118,2,R,R,
Benefactor's Draught,3,1,910,1,1134,134,2,G,G,
Captain Sisay,3,1,911,3,622,18,4,"G,W","G,W",
Freed from the Real,3,1,912,1,1138,149,3,U,U,
Dance of Many,3,1,913,1,1139,150,2,U,U,
Tribute Mage,3,1,914,1,1151,151,3,U,U,
Shivan Gorge,3,1,915,2,821,119,0,,R,
Songs of the Damned,3,1,916,1,1169,102,1,B,B,
Mana Leak,3,1,917,1,1180,152,2,U,U,
Mystic Subdual,2,0,918,1,830,153,2,U,U,
Seal of Removal,2,0,919,1,831,154,1,U,U,
Castle Locthwain,2,0,920,1,834,103,0,,B,
"Hapatra, Vizier of Poisons",2,0,921,2,630,23,2,"B,G","B,G",
"Rankle, Master of Pranks",2,0,922,1,837,104,4,B,B,
Sadistic Hypnotist,2,0,923,1,838,105,5,B,B,
"Tinybones, Trinket Thief",2,0,924,1,839,106,2,B,B,
Bottomless Pit,2,0,925,1,840,107,3,B,B,
Void Winnower,2,0,926,0,1207,174,9,,,
Bounding Krasis,2,0,927,2,635,21,3,"G,U","G,U",
Breaching Hippocamp,2,0,928,1,843,155,4,U,U,
Kiora's Follower,2,0,929,2,637,22,2,"G,U","G,U",
Sakashima the Impostor,2,0,930,1,846,156,4,U,U,
Savage Summoning,2,0,931,1,847,135,1,G,G,
Timeless Witness,2,0,932,1,849,136,4,G,G,
Crashing Drawbridge,2,0,933,0,1215,175,2,,,
Natural State,2,0,934,1,851,137,1,G,G,
Spectral Arcanist,2,0,935,1,854,157,4,U,U,
Winding Canyons,2,0,936,0,1220,176,0,,,
Ember Hauler,2,0,937,1,855,120,2,R,R,
"Gerrard, Weatherlight Hero",2,0,938,2,649,13,4,"R,W","R,W",
Mistmoon Griffin,2,0,939,1,856,88,4,W,W,
Saffi Eriksdotter,2,0,940,2,651,19,2,"G,W","G,W",
Grim Flayer,2,0,941,2,652,24,2,"B,G","B,G",
Hashep Oasis,2,0,942,1,857,138,0,,G,
Wax // Wane,2,0,943,2,654,20,2,"G,W","G,W",
Cryptolith Rite,2,0,944,1,860,139,2,G,G,
Dosan the Falling Leaf,2,0,945,1,861,140,3,G,G,
Krosan Wayfarer,2,0,946,1,863,141,1,G,G,
Leyline of Abundance,2,0,947,1,864,142,4,G,G,
Strangleroot Geist,2,0,948,1,865,143,2,G,G,
Murderous Redcap,2,0,949,2,661,14,4,"B,R","B,R",
Retract,2,0,950,1,870,158,1,U,U,
Hinterland Harbor,2,0,951,2,668,23,0,,"G,U",
Harmonic Prodigy,2,0,952,1,875,121,2,R,R,
Adaptive Automaton,2,0,953,0,1250,177,3,,,
Ashnod's Transmogrant,2,0,954,0,1251,178,1,,,
Bloodfire Dwarf,2,0,955,1,877,122,1,R,R,
Bloodline Pretender,2,0,956,0,1252,179,3,,,
Dermotaxi,2,0,957,0,1253,180,2,,,
Dwarven Grunt,2,0,958,1,879,123,1,R,R,
Dwarven Scorcher,2,0,959,1,880,124,1,R,R,
Dwarven Trader,2,0,960,1,881,125,1,R,R,
Enslaved Dwarf,2,0,961,1,883,126,1,R,R,
Holdout Settlement,2,0,962,0,1255,181,0,,,
Liberated Dwarf,2,0,963,1,884,127,1,R,R,
Mirror of the Forebears,2,0,964,0,1258,182,2,,,
Prophetic Ravings,2,0,965,1,887,128,1,R,R,
Proteus Machine,2,0,966,0,1259,183,3,,,
"Shinka, the Bloodsoaked Keep",2,0,967,1,888,129,0,,R,
Spark Mage,2,0,968,1,890,130,1,R,R,
Survivors' Encampment,2,0,969,0,1261,184,0,,,
Xorn,2,0,970,1,893,131,3,R,R,
Pyrokinesis,2,0,971,1,894,132,6,R,R,
Abundant Growth,2,0,972,1,895,144,1,G,G,
Darksteel Mutation,2,0,973,1,897,89,2,W,W,
On Thin Ice,2,0,974,1,900,90,1,W,W,
Gauntlets of Light,2,0,975,1,903,91,3,W,W,
"Heliod, Sun-Crowned",2,0,976,1,904,92,3,W,W,
Reprobation,2,0,977,1,905,93,2,W,W,
Rite of Harmony,2,0,978,2,684,21,2,"G,W","G,W",
"Siona, Captain of the Pyleas",2,0,979,2,685,22,3,"G,W","G,W",
Voyaging Satyr,2,0,980,1,906,145,2,G,G,
Devoted Caretaker,2,0,981,1,908,94,1,W,W,
Ranger of Eos,2,0,982,1,910,95,4,W,W,
Scrapyard Recombiner,2,0,983,0,1270,185,3,,,
Triskelion,2,0,984,0,1272,186,6,,,
Strict Proctor,2,0,985,1,916,96,2,W,W,
Haven of the Spirit Dragon,2,0,986,0,1276,187,0,,,
Dragonlord Dromoka,2,0,987,2,699,23,6,"G,W","G,W",
Cruel Tutor,2,0,988,1,920,108,3,B,B,
"Mikaeus, the Unhallowed",2,0,989,1,921,109,6,B,B,
Boros Signet,2,0,990,2,706,14,2,,"R,W",
Sword of Hearth and Home,2,0,991,0,1288,188,3,,,
Bone Shards,2,0,992,1,925,110,1,B,B,
Duress,2,0,993,1,927,111,1,B,B,
Fatal Push,2,0,994,1,928,112,1,B,B,
Gaea's Touch,2,0,995,1,929,146,2,G,G,
"Lukka, Coppercoat Outcast",2,0,996,1,931,133,5,R,R,
Cavalry Pegasus,2,0,997,1,933,97,2,W,W,
Mirage Phalanx,2,0,998,1,936,134,6,R,R,
Remorseful Cleric,2,0,999,1,938,98,2,W,W,
Signal Pest,2,0,1000,0,1296,189,1,,,
Iron Myr,2,0,1001,1,939,135,2,,R,
Palace Jailer,2,0,1002,1,942,99,4,W,W,
Overeager Apprentice,2,0,1003,1,946,113,3,B,B,
Shred Memory,2,0,1004,1,949,114,2,B,B,
Guardian Augmenter,2,0,1005,1,951,147,3,G,G,
"Kira, Great Glass-Spinner",2,0,1006,1,952,159,3,U,U,
Volrath's Stronghold,2,0,1007,1,954,115,0,,B,
Run Away Together,2,0,1008,1,955,160,2,U,U,
"Florian, Voldaren Scion",2,0,1009,2,731,15,3,"B,R","B,R",
Hope Tender,2,0,1010,1,957,148,2,G,G,
Flame Sweep,2,0,1011,1,960,136,3,R,R,
Into the Roil,2,0,1012,1,961,161,2,U,U,
Cascade Bluffs,2,0,1013,2,738,12,0,,"R,U",
Concerted Defense,2,0,1014,1,966,162,1,U,U,
Predators' Hour,2,0,1015,1,969,116,2,B,B,
Reiterate,2,0,1016,1,970,137,3,R,R,
Bribery,2,0,1017,1,972,163,5,U,U,
Eye of Vecna,2,0,1018,0,1336,190,2,,,
Street Wraith,2,0,1019,1,975,117,5,B,B,
Elvish Pioneer,2,0,1020,1,978,149,1,G,G,
Glass Casket,2,0,1021,1,981,100,2,W,W,
March of Otherworldly Light,2,0,1022,1,984,101,1,W,W,
Norn's Annex,2,0,1023,1,985,102,5,W,W,
Dispatch,2,0,1024,1,986,103,1,W,W,
Illusionist's Bracers,2,0,1025,0,1353,191,2,,,
Remote Farm,2,0,1026,1,989,104,0,,W,
Sculpting Steel,2,0,1027,0,1355,192,3,,,
Tooth of Ramos,2,0,1028,1,991,105,3,,W,
Foundry Inspector,2,0,1029,0,1359,193,3,,,
Semblance Anvil,2,0,1030,0,1361,194,3,,,
Stonework Packbeast,2,0,1031,0,1362,195,2,,,
Mausoleum Wanderer,2,0,1032,1,1000,164,1,U,U,
Aquitect's Will,2,0,1033,1,1001,165,1,U,U,
Arcane Denial,2,0,1034,1,1002,166,2,U,U,
Archmage's Charm,2,0,1035,1,1003,167,3,U,U,
Clockspinning,2,0,1036,1,1004,168,1,U,U,
Shimmering Mirage,2,0,1037,1,1006,169,2,U,U,
Thermal Flux,2,0,1038,1,1007,170,1,U,U,
Coveted Jewel,2,0,1039,0,1384,196,6,,,
Dizzy Spell,2,0,1040,1,1010,171,1,U,U,
Hidden Strings,2,0,1041,1,1012,172,2,U,U,
Nomads en-Kor,2,0,1042,1,1015,106,1,W,W,
Elvish Visionary,2,0,1043,1,1021,150,2,G,G,
Genesis Wave,2,0,1044,1,1022,151,3,G,G,
Vandalblast,2,0,1045,1,1023,138,1,R,R,
You Come to a River,2,0,1046,1,1024,173,2,U,U,
Prophet of Distortion,2,0,1047,1,1027,174,1,,U,
Knowledge Exploitation,2,0,1048,1,1028,175,7,U,U,
Reality Shift,2,0,1049,1,1030,176,2,U,U,
Invoke Calamity,2,0,1050,1,1031,139,5,R,R,
Baleful Mastery,2,0,1051,1,1032,118,4,B,B,
Reckless Impulse,2,0,1052,1,1033,140,2,R,R,
Burnout,2,0,1053,1,1036,141,2,R,R,
Guttural Response,2,0,1054,2,779,14,1,"G,R","G,R",
Rough // Tumble,2,0,1055,1,1038,142,8,R,R,
Vampires' Vengeance,2,0,1056,1,1039,143,3,R,R,
Volcanic Fallout,2,0,1057,1,1041,144,3,R,R,
Bolt Bend,2,0,1058,1,1042,145,4,R,R,
Ancestral Statue,2,0,1059,0,1422,197,4,,,
Ancient Ziggurat,2,0,1060,0,1423,198,0,,,
Bond Beetle,2,0,1061,1,1049,152,1,G,G,
Glimpse of Nature,2,0,1062,1,1051,153,1,G,G,
Myr Scrapling,2,0,1063,0,1425,199,1,,,
"Grazilaxx, Illithid Scholar",2,0,1064,1,1054,177,3,U,U,
"Baral, Chief of Compliance",2,0,1065,1,1055,178,2,U,U,
Crucible of Worlds,2,0,1066,0,1433,200,3,,,
Tireless Tracker,2,0,1067,1,1060,154,3,G,G,
Arcbound Ravager,2,0,1068,0,1439,201,2,,,
Ghoulcaller's Bell,2,0,1069,0,1441,202,1,,,
Glint Hawk,2,0,1070,1,1061,107,1,W,W,
Ingenious Smith,2,0,1071,1,1062,108,2,W,W,
Salvager of Ruin,2,0,1072,0,1444,203,3,,,
Shimmer Myr,2,0,1073,0,1445,204,3,,,
Shriekhorn,2,0,1074,0,1446,205,1,,,
Spawning Pit,2,0,1075,0,1448,206,2,,,
Mind's Desire,2,0,1076,1,1064,179,6,U,U,
Repeal,2,0,1077,1,1067,180,1,U,U,
Vault of Whispers,2,0,1078,1,1072,119,0,,B,
Disrupting Shoal,2,0,1079,1,1073,181,2,U,U,
Mystical Dispute,2,0,1080,1,1074,182,3,U,U,
"Malcolm, Keen-Eyed Navigator",2,0,1081,1,1076,183,3,U,U,
Diabolic Tutor,2,0,1082,1,1080,120,4,B,B,
Ifnir Deadlands,2,0,1083,1,1083,121,0,,B,
Mastermind's Acquisition,2,0,1084,1,1084,122,4,B,B,
Pestilence,2,0,1085,1,1086,123,4,B,B,
Promise of Power,2,0,1086,1,1087,124,5,B,B,
Sign in Blood,2,0,1087,1,1088,125,2,B,B,
Tendrils of Agony,2,0,1088,1,1090,126,4,B,B,
Victim of Night,2,0,1089,1,1091,127,2,B,B,
Balthor the Defiled,2,0,1090,1,1093,128,4,B,B,
"Chainer, Dementia Master",2,0,1091,1,1094,129,5,B,B,
Dimir House Guard,2,0,1092,1,1095,130,4,B,B,
Fleshwrither,2,0,1093,1,1096,131,4,B,B,
Scorched Ruins,2,0,1094,0,1479,207,0,,,
Armageddon,2,0,1095,1,1097,109,4,W,W,
Cataclysm,2,0,1096,1,1098,110,4,W,W,
Enter the Infinite,2,0,1097,1,1099,184,12,U,U,
Expropriate,2,0,1098,1,1100,185,9,U,U,
Karn's Temporal Sundering,2,0,1099,1,1101,186,6,U,U,
Long-Term Plans,2,0,1100,1,1102,187,3,U,U,
Omniscience,2,0,1101,1,1103,188,10,U,U,
Relentless Assault,2,0,1102,1,1104,146,4,R,R,
Seize the Day,2,0,1103,1,1105,147,4,R,R,
Time Stretch,2,0,1104,1,1107,189,10,U,U,
Waves of Aggression,2,0,1105,2,790,15,5,"R,W","R,W",
Ancient Animus,2,0,1106,1,1109,155,2,G,G,
Ram Through,2,0,1107,1,1110,156,2,G,G,
Sakura-Tribe Scout,2,0,1108,1,1111,157,1,G,G,
Thought-Knot Seer,2,0,1109,0,1499,208,4,,,
"Mikokoro, Center of the Sea",2,0,1110,0,1502,209,0,,,
Rhythm of the Wild,2,0,1111,2,791,15,3,"G,R","G,R",
"Teferi, Time Raveler",2,0,1112,2,793,10,3,"U,W","U,W",
Infernal Tutor,2,0,1113,1,1116,132,2,B,B,
Sea Gate Stormcaller,2,0,1114,1,1117,190,2,U,U,
"Koma, Cosmos Serpent",2,0,1115,2,794,24,7,"G,U","G,U",
Caves of Koilos,2,0,1116,2,795,13,0,,"B,W",
Liliana's Standard Bearer,2,0,1117,1,1119,133,3,B,B,
Tireless Tribe,2,0,1118,1,1120,111,1,W,W,
Change of Fortune,2,0,1119,1,1121,148,4,R,R,
Flamekin Harbinger,2,0,1120,1,1122,149,1,R,R,
Increasing Vengeance,2,0,1121,1,1123,150,2,R,R,
Rile,2,0,1122,1,1125,151,1,R,R,
Forerunner of the Legion,2,0,1123,1,1126,112,3,W,W,
"Kozilek, Butcher of Truth",2,0,1124,0,1529,210,10,,,
"Okina, Temple to the Grandfathers",2,0,1125,1,1127,158,0,,G,
Bonders' Enclave,2,0,1126,0,1533,211,0,,,
Oboro Breezecaller,2,0,1127,1,1129,191,2,U,U,
Prime Speaker Zegana,2,0,1128,2,814,25,6,"G,U","G,U",
Storm Cauldron,2,0,1129,0,1537,212,5,,,
"Ghalta, Primal Hunger",2,0,1130,1,1132,159,12,G,G,
Momentous Fall,2,0,1131,1,1133,160,4,G,G,
Phyrexian Dreadnought,2,0,1132,0,1541,213,1,,,
Phyrexian Soulgorger,2,0,1133,0,1542,214,3,,,
Relic Golem,2,0,1134,0,1543,215,3,,,
Kessig Wolf Run,2,0,1135,2,815,16,0,,"G,R",
Drift of Phantasms,2,0,1136,1,1135,192,3,U,U,
"Niv-Mizzet, Parun",2,0,1137,2,816,13,6,"R,U","R,U",
Extract,2,0,1138,1,1137,193,1,U,U,
Sudden Demise,2,0,1139,1,1140,152,1,R,R,
Thran Dynamo,2,0,1140,0,1580,216,4,,,
Aether Adept,2,0,1141,1,1142,194,3,U,U,
Scholar of the Ages,2,0,1142,1,1143,195,7,U,U,
Aluren,2,0,1143,1,1144,161,4,G,G,
Mana Breach,2,0,1144,1,1145,196,3,U,U,
Whitemane Lion,2,0,1145,1,1146,113,2,W,W,
Grand Arbiter Augustin IV,2,0,1146,2,818,11,4,"U,W","U,W",
Conclave Mentor,2,0,1147,2,819,24,2,"G,W","G,W",
Unbound Flourishing,2,0,1148,1,1152,162,3,G,G,
Summer Bloom,2,0,1149,1,1153,163,2,G,G,
Anje's Ravager,2,0,1150,1,1156,153,3,R,R,
Asylum Visitor,2,0,1151,1,1157,134,2,B,B,
Avacyn's Judgment,2,0,1152,1,1158,154,2,R,R,
Big Game Hunter,2,0,1153,1,1159,135,3,B,B,
Bloodhall Priest,2,0,1154,2,822,16,4,"B,R","B,R",
Bloodmad Vampire,2,0,1155,1,1160,155,3,R,R,
Call to the Netherworld,2,0,1156,1,1161,136,1,B,B,
Fiery Temper,2,0,1157,1,1162,156,3,R,R,
Grave Scrabbler,2,0,1158,1,1163,137,4,B,B,
Murderous Compulsion,2,0,1159,1,1164,138,2,B,B,
Shadow of the Grave,2,0,1160,1,1165,139,2,B,B,
Stromkirk Occultist,2,0,1161,1,1166,157,3,R,R,
Auriok Steelshaper,2,0,1162,1,1171,114,2,W,W,
Crimson Kobolds,2,0,1163,1,1172,158,0,R,R,
Fervent Champion,2,0,1164,1,1173,159,1,R,R,
Impulsive Pilferer,2,0,1165,1,1174,160,1,R,R,
Inspiring Vantage,2,0,1166,2,824,16,0,,"R,W",
Mortarpod,2,0,1167,0,1675,217,2,,,
Puresteel Paladin,2,0,1168,1,1175,115,2,W,W,
Consuming Tide,2,0,1169,1,1178,197,4,U,U,
Helm of Obedience,2,0,1170,0,1677,218,4,,,
Idyllic Tutor,2,0,1171,1,1179,116,3,W,W,
"Teferi, Hero of Dominaria",2,0,1172,2,825,12,5,"U,W","U,W",
Blue Sun's Zenith,2,0,1173,1,1182,198,3,U,U,
Narset Transcendent,2,0,1174,2,826,13,4,"U,W","U,W",
Elvish Harbinger,2,0,1175,1,1191,164,3,G,G,
Mobilize,2,0,1176,1,1192,165,1,G,G,
To Arms!,2,0,1177,1,1193,117,2,W,W,
Kuldotha Rebirth,2,0,1178,1,1194,161,1,R,R,
Rune-Scarred Demon,2,0,1179,1,1195,140,7,B,B,
Death Cloud,1,0,1180,0,1201,141,3,B,B,
Nether Void,1,0,1181,0,1202,142,4,B,B,
Gilt-Leaf Palace,1,0,1182,1,841,25,0,,"B,G",
Young Necromancer,1,0,1183,0,1204,143,5,B,B,
Lord of the Forsaken,1,0,1184,0,1206,144,6,B,B,
Chakram Retriever,1,0,1185,0,1208,199,5,U,U,
Disciple of the Ring,1,0,1186,0,1209,200,5,U,U,
Greenwarden of Murasa,1,0,1187,0,1210,166,6,G,G,
Quicksilver Gargantuan,1,0,1188,0,1211,201,7,U,U,
Teardrop Kami,1,0,1189,0,1212,202,1,U,U,
Tidal Barracuda,1,0,1190,0,1213,203,4,U,U,
Body Double,1,0,1191,0,1214,204,5,U,U,
Merfolk Trickster,1,0,1192,0,1216,205,2,U,U,
Peregrine Drake,1,0,1193,0,1217,206,5,U,U,
Stern Proctor,1,0,1194,0,1218,207,2,U,U,
Volrath's Shapeshifter,1,0,1195,0,1219,208,3,U,U,
Oath of Druids,1,0,1196,0,1221,167,2,G,G,
Blasphemous Act,1,0,1197,0,1223,162,9,R,R,
Heliod's Pilgrim,1,0,1198,0,1225,118,3,W,W,
Centaur Garden,1,0,1199,0,1226,168,0,,G,
Bloodflow Connoisseur,1,0,1200,0,1227,145,3,B,B,
Gavony Township,1,0,1201,1,862,25,0,,"G,W",
Icatian Moneychanger,1,0,1202,0,1228,119,1,W,W,
"Rishkar, Peema Renegade",1,0,1203,0,1229,169,3,G,G,
Heartstone,1,0,1204,0,1232,219,3,,,
Priest of Urabrask,1,0,1205,0,1233,163,3,R,R,
Dragonskull Summit,1,0,1206,1,867,17,0,,"B,R",
Priest of Gix,1,0,1207,0,1235,146,3,B,B,
Rix Maadi Reveler,1,0,1208,1,868,18,2,R,"B,R",
Tainted Peak,1,0,1209,1,869,19,0,,"B,R",
Hapless Researcher,1,0,1210,0,1236,209,1,U,U,
Siren Stormtamer,1,0,1211,0,1237,210,1,U,U,
Krosan Reclamation,1,0,1212,0,1238,170,2,G,G,
Boon of the Wish-Giver,1,0,1213,0,1240,211,6,U,U,
Breakthrough,1,0,1214,0,1241,212,1,U,U,
Firestorm,1,0,1215,0,1242,164,1,R,R,
Frostveil Ambush,1,0,1216,0,1243,213,5,U,U,
Go for Blood,1,0,1217,0,1244,165,2,R,R,
Lonely Sandbar,1,0,1218,0,1245,214,0,,U,
Recall,1,0,1219,0,1246,215,1,U,U,
Startling Development,1,0,1220,0,1247,216,2,U,U,
Tolarian Winds,1,0,1221,0,1248,217,2,U,U,
Turbulent Dreams,1,0,1222,0,1249,218,2,U,U,
Dwarven Armorer,1,0,1223,0,1254,166,1,R,R,
Last Chance,1,0,1224,0,1256,167,2,R,R,
Liquimetal Coating,1,0,1225,0,1257,220,2,,,
Stoke the Flames,1,0,1226,0,1260,168,4,R,R,
Galvanic Blast,1,0,1227,0,1262,169,1,R,R,
Shattering Spree,1,0,1228,0,1263,170,1,R,R,
Gaddock Teeg,1,0,1229,1,902,26,2,"G,W","G,W",
Shielded by Faith,1,0,1230,0,1264,120,3,W,W,
Monastery Mentor,1,0,1231,0,1265,121,3,W,W,
Setessan Champion,1,0,1232,0,1266,171,3,G,G,
Hopeful Initiate,1,0,1233,0,1268,122,1,W,W,
Luminarch Ascension,1,0,1234,0,1269,123,2,W,W,
Abeyance,1,0,1235,0,1273,124,2,W,W,
Order of the Sacred Torch,1,0,1236,0,1274,125,3,W,W,
Nameless Inversion,1,0,1237,0,1277,147,2,B,B,
"Jin-Gitaxias, Core Augur",1,0,1238,0,1278,219,10,U,U,
Humility,1,0,1239,0,1279,126,4,W,W,
Footsteps of the Goryo,1,0,1240,0,1281,148,3,B,B,
Makeshift Mannequin,1,0,1241,0,1282,149,4,B,B,
Wake the Dead,1,0,1242,0,1283,150,2,B,B,
"Ardenn, Intrepid Archaeologist",1,0,1243,0,1284,127,3,W,W,
Axgard Armory,1,0,1244,1,923,17,0,,"R,W",
Gideon of the Trials,1,0,1245,0,1285,128,3,W,W,
Savior of Ollenbock,1,0,1246,0,1286,129,3,W,W,
Stonehewer Giant,1,0,1247,0,1287,130,5,W,W,
Bloodghast,1,0,1248,0,1289,151,2,B,B,
Professor Onyx,1,0,1249,0,1290,152,6,B,B,
Gaea's Blessing,1,0,1250,0,1292,172,2,G,G,
Rot Hulk,1,0,1251,0,1293,153,7,B,B,
Moggcatcher,1,0,1252,0,1294,171,4,R,R,
Thalia's Lancers,1,0,1253,0,1297,131,5,W,W,
Breya's Apprentice,1,0,1254,0,1298,172,3,R,R,
Goldnight Commander,1,0,1255,0,1299,132,4,W,W,
Gorilla Shaman,1,0,1256,0,1300,173,1,R,R,
"Jor Kadeen, the Prevailer",1,0,1257,1,940,18,5,"R,W","R,W",
Pia Nalaar,1,0,1258,0,1301,174,3,R,R,
Pia and Kiran Nalaar,1,0,1259,0,1302,175,4,R,R,
"Thalia, Heretic Cathar",1,0,1260,0,1303,133,3,W,W,
Eerie Interlude,1,0,1261,0,1305,134,3,W,W,
Guardian of Faith,1,0,1262,0,1306,135,3,W,W,
Kher Keep,1,0,1263,0,1307,176,0,,R,
"Lena, Selfless Champion",1,0,1264,0,1308,136,6,W,W,
MÃ¡rton Stromgald,1,0,1265,0,1309,177,4,R,R,
Selfless Spirit,1,0,1266,0,1310,137,2,W,W,
Tocatli Honor Guard,1,0,1267,0,1311,138,2,W,W,
Venerable Warsinger,1,0,1268,1,943,19,3,"R,W","R,W",
"Daretti, Scrap Savant",1,0,1269,0,1312,178,4,R,R,
Trash for Treasure,1,0,1270,0,1313,179,3,R,R,
Gilded Goose,1,0,1271,0,1314,173,1,G,G,
Greater Good,1,0,1272,0,1315,174,4,G,G,
Lightning Axe,1,0,1273,0,1316,180,1,R,R,
Corpse Connoisseur,1,0,1274,0,1319,154,5,B,B,
Empty the Laboratory,1,0,1275,0,1320,220,2,U,U,
Ketria Triome,1,0,1276,2,730,1,0,,"G,R,U",
"Kamahl, Fist of Krosa",1,0,1277,0,1322,175,6,G,G,
Fading Hope,1,0,1278,0,1323,221,1,U,U,
Stern Dismissal,1,0,1279,0,1324,222,1,U,U,
Nature's Will,1,0,1280,0,1325,176,4,G,G,
"Chatterfang, Squirrel General",1,0,1281,1,968,26,3,G,"B,G",
Acrobatic Maneuver,1,0,1282,0,1326,139,3,W,W,
Bandage,1,0,1283,0,1327,140,1,W,W,
Cloudshift,1,0,1284,0,1328,141,1,W,W,
Defiant Strike,1,0,1285,0,1329,142,1,W,W,
Fervent Mastery,1,0,1286,0,1330,181,5,R,R,
Fists of Flame,1,0,1287,0,1331,182,2,R,R,
Goldspan Dragon,1,0,1288,0,1332,183,5,R,R,
Niveous Wisps,1,0,1289,0,1333,143,1,W,W,
Reckless Rage,1,0,1290,0,1334,184,1,R,R,
Shelter,1,0,1291,0,1335,144,2,W,W,
Sunforger,1,0,1292,1,971,20,3,,"R,W",
Lodestone Bauble,1,0,1293,0,1337,221,0,,,
Relic of Progenitus,1,0,1294,0,1338,222,1,,,
Tempted by the Oriq,1,0,1295,0,1339,223,4,U,U,
Witching Well,1,0,1296,0,1340,224,1,U,U,
Darkblast,1,0,1297,0,1341,155,1,B,B,
Lava Dart,1,0,1298,0,1342,185,1,R,R,
Worthy Cause,1,0,1299,0,1343,145,1,W,W,
Altar of the Brood,1,0,1300,0,1345,223,1,,,
Dreamroot Cascade,1,0,1301,1,977,26,0,,"G,U",
Foundation Breaker,1,0,1302,0,1346,177,4,G,G,
Bottled Cloister,1,0,1303,0,1347,224,4,,,
Dollhouse of Horrors,1,0,1304,0,1348,225,5,,,
Ensnaring Bridge,1,0,1305,0,1349,226,3,,,
Null Brooch,1,0,1306,0,1350,227,4,,,
Sorcerous Spyglass,1,0,1307,0,1351,228,2,,,
Argivian Find,1,0,1308,0,1352,146,1,W,W,
Lion Sash,1,0,1309,0,1354,147,2,W,W,
Swiftfoot Boots,1,0,1310,0,1356,229,2,,,
Cathodion,1,0,1311,0,1357,230,3,,,
Enduring Renewal,1,0,1312,0,1358,148,4,W,W,
Sanctum Gargoyle,1,0,1313,0,1360,149,4,W,W,
"Teshar, Ancestor's Apostle",1,0,1314,0,1363,150,4,W,W,
Vizier of Remedies,1,0,1315,0,1364,151,2,W,W,
Voltaic Key,1,0,1316,0,1365,231,1,,,
Apostle's Blessing,1,0,1317,0,1366,152,2,W,W,
Ichor Wellspring,1,0,1318,0,1367,232,2,,,
Immovable Rod,1,0,1319,0,1368,153,1,W,W,
Leather Armor,1,0,1320,0,1369,233,1,,,
Myr Welder,1,0,1321,0,1370,234,3,,,
Pili-Pala,1,0,1322,0,1371,235,2,,,
Alter Reality,1,0,1323,0,1372,225,2,U,U,
Argent Mutation,1,0,1324,0,1373,226,3,U,U,
Crystal Spray,1,0,1325,0,1374,227,3,U,U,
Enervate,1,0,1326,0,1375,228,2,U,U,
Idol of Oblivion,1,0,1327,0,1376,236,2,,,
Infuse,1,0,1328,0,1377,229,3,U,U,
Ipnu Rivulet,1,0,1329,0,1378,230,0,,U,
Jinx,1,0,1330,0,1379,231,2,U,U,
Jolt,1,0,1331,0,1380,232,3,U,U,
Mind Games,1,0,1332,0,1381,233,1,U,U,
Spellstutter Sprite,1,0,1333,0,1382,234,2,U,U,
Twitch,1,0,1334,0,1383,235,3,U,U,
Dream's Grip,1,0,1335,0,1385,236,1,U,U,
Hydroblast,1,0,1336,0,1386,237,1,U,U,
Treachery,1,0,1337,0,1387,238,5,U,U,
Colossus Hammer,1,0,1338,0,1389,237,1,,,
Commander's Plate,1,0,1339,0,1390,238,1,,,
"Domri, Anarch of Bolas",1,0,1340,1,1013,17,3,"G,R","G,R",
"Godo, Bandit Warlord",1,0,1341,0,1391,186,6,R,R,
"Vivien, Champion of the Wilds",1,0,1342,0,1392,178,3,G,G,
Welcoming Vampire,1,0,1343,0,1393,154,3,W,W,
Fiend Hunter,1,0,1344,0,1394,155,3,W,W,
Sun Titan,1,0,1345,0,1395,156,6,W,W,
Mask of the Mimic,1,0,1346,0,1396,239,1,U,U,
Sacred Guide,1,0,1347,0,1397,157,1,W,W,
Knight of the Reliquary,1,0,1348,1,1018,27,3,"G,W","G,W",
Ecological Appreciation,1,0,1349,0,1398,179,3,G,G,
Copperhorn Scout,1,0,1350,0,1399,180,1,G,G,
"Ezuri, Renegade Leader",1,0,1351,0,1401,181,3,G,G,
Harmonize,1,0,1352,0,1402,182,4,G,G,
Might of Old Krosa,1,0,1353,0,1403,183,1,G,G,
Multani's Acolyte,1,0,1354,0,1404,184,2,G,G,
Elsha of the Infinite,1,0,1355,2,772,1,5,"R,U,W","R,U,W",
Earthquake,1,0,1356,0,1405,187,1,R,R,
Galvanic Relay,1,0,1357,0,1406,188,3,R,R,
Deafening Clarion,1,0,1358,1,1025,21,3,"R,W","R,W",
Decisive Denial,1,0,1359,1,1029,27,2,"G,U","G,U",
Nyxbloom Ancient,1,0,1360,0,1407,185,7,G,G,
"Chandra, Torch of Defiance",1,0,1361,0,1409,189,4,R,R,
Deadly Dispute,1,0,1362,0,1410,156,2,B,B,
"Laelia, the Blade Reforged",1,0,1363,0,1411,190,3,R,R,
Druids' Repository,1,0,1364,0,1413,186,3,G,G,
Grand Warlord Radha,1,0,1365,1,1034,18,4,"G,R","G,R",
Signal the Clans,1,0,1366,1,1035,19,2,"G,R","G,R",
Xantid Swarm,1,0,1367,0,1414,187,1,G,G,
Firespout,1,0,1368,1,1037,20,3,"G,R","G,R",
Slagstorm,1,0,1369,0,1415,191,3,R,R,
Thornbite Staff,1,0,1370,0,1416,239,2,,,
Whipflare,1,0,1371,0,1417,192,2,R,R,
Cave-In,1,0,1372,0,1418,193,5,R,R,
Cinder Glade,1,0,1373,1,1043,21,0,,"G,R",
Kozilek's Return,1,0,1374,0,1419,194,3,,R,
Restore,1,0,1375,0,1420,188,2,G,G,
Rootbound Crag,1,0,1376,1,1045,22,0,,"G,R",
Wrenn and Six,1,0,1377,1,1046,23,2,"G,R","G,R",
Loyal Drake,1,0,1378,0,1424,240,3,U,U,
Mulldrifter,1,0,1379,0,1426,241,5,U,U,
Drowned Secrets,1,0,1380,0,1427,242,2,U,U,
Extraplanar Lens,1,0,1381,0,1428,240,3,,,
Stream of Consciousness,1,0,1382,0,1429,243,2,U,U,
Treasure Cruise,1,0,1383,0,1430,244,8,U,U,
Turnabout,1,0,1384,0,1431,245,4,U,U,
City of Solitude,1,0,1385,0,1432,189,3,G,G,
Glacial Fortress,1,0,1386,1,1057,14,0,,"U,W",
Life and Limb,1,0,1387,0,1434,190,4,G,G,
Nullmage Shepherd,1,0,1388,0,1435,191,4,G,G,
Scute Swarm,1,0,1389,0,1436,192,3,G,G,
Sunpetal Grove,1,0,1390,1,1059,28,0,,"G,W",
Wasteland,1,0,1391,0,1437,241,0,,,
Words of Wind,1,0,1392,0,1438,246,3,U,U,
Filigree Familiar,1,0,1393,0,1440,242,3,,,
Professor of Symbology,1,0,1394,0,1442,158,2,W,W,
Restoration Specialist,1,0,1395,0,1443,159,2,W,W,
Skyscanner,1,0,1396,0,1447,243,3,,,
Claws of Gix,1,0,1397,0,1449,244,0,,,
Cabal Therapist,1,0,1398,0,1450,157,1,B,B,
Brightstone Ritual,1,0,1399,0,1451,195,1,R,R,
End the Festivities,1,0,1400,0,1452,196,1,R,R,
Remand,1,0,1401,0,1453,247,2,U,U,
Temporal Fissure,1,0,1402,0,1454,248,5,U,U,
"Veyran, Voice of Duality",1,0,1403,1,1066,14,3,"R,U","R,U",
Candelabra of Tawnos,1,0,1404,0,1455,245,1,,,
Explore,1,0,1405,0,1456,193,2,G,G,
Gut Shot,1,0,1406,0,1457,197,1,R,R,
Land Grant,1,0,1407,0,1458,194,2,G,G,
Song of Creation,1,0,1408,2,788,2,4,"G,R,U","G,R,U",
Essence Warden,1,0,1409,0,1459,195,1,G,G,
Exquisite Blood,1,0,1410,0,1460,158,5,B,B,
Dreadhorde Invasion,1,0,1411,0,1461,159,2,B,B,
"Jadar, Ghoulcaller of Nephalia",1,0,1412,0,1462,160,2,B,B,
Nadir Kraken,1,0,1413,0,1463,249,3,U,U,
Damnation,1,0,1414,0,1464,161,4,B,B,
Decree of Pain,1,0,1415,0,1465,162,8,B,B,
Keen Sense,1,0,1416,0,1466,196,1,G,G,
Foil,1,0,1417,0,1467,250,4,U,U,
Sulfur Falls,1,0,1418,1,1077,15,0,,"R,U",
Bile Blight,1,0,1419,0,1468,163,2,B,B,
Leshrac's Sigil,1,0,1420,0,1469,164,2,B,B,
Night's Whisper,1,0,1421,0,1470,165,2,B,B,
Phyrexian Devourer,1,0,1422,0,1471,246,6,,,
Stinging Study,1,0,1423,0,1472,166,5,B,B,
Urborg,1,0,1424,0,1473,167,0,,B,
Exsanguinate,1,0,1425,0,1474,168,2,B,B,
Liliana's Triumph,1,0,1426,0,1475,169,2,B,B,
"Miren, the Moaning Well",1,0,1427,0,1476,247,0,,,
Night Incarnate,1,0,1428,0,1477,170,5,B,B,
Pestilence Demon,1,0,1429,0,1478,171,8,B,B,
Dimir Machinations,1,0,1430,0,1480,172,3,B,B,
Heartless Summoning,1,0,1431,0,1481,173,2,B,B,
Oriq Loremage,1,0,1432,0,1482,174,4,B,B,
"Xiahou Dun, the One-Eyed",1,0,1433,0,1483,175,4,B,B,
Alrund's Epiphany,1,0,1434,0,1484,251,7,U,U,
Mass Hysteria,1,0,1435,0,1485,198,1,R,R,
Show and Tell,1,0,1436,0,1486,252,3,U,U,
Aminatou's Augury,1,0,1437,0,1487,253,8,U,U,
Beacon of Tomorrows,1,0,1438,0,1488,254,8,U,U,
Catastrophe,1,0,1439,0,1489,160,6,W,W,
Fury of the Horde,1,0,1440,0,1490,199,7,R,R,
Generator Servant,1,0,1441,0,1491,200,2,R,R,
Need for Speed,1,0,1442,0,1492,201,1,R,R,
Part the Waterveil,1,0,1443,0,1493,255,6,U,U,
Urza's Ruinous Blast,1,0,1444,0,1494,161,5,W,W,
Bane of Progress,1,0,1445,0,1495,197,6,G,G,
Craterhoof Behemoth,1,0,1446,0,1496,198,8,G,G,
Deserted Temple,1,0,1447,0,1497,248,0,,,
Sylvan Scrying,1,0,1448,0,1498,199,2,G,G,
Elvish Reclaimer,1,0,1449,0,1500,200,1,G,G,
Heap Doll,1,0,1450,0,1501,249,1,,,
Nylea's Intervention,1,0,1451,0,1503,201,2,G,G,
Slippery Bogbonder,1,0,1452,0,1504,202,4,G,G,
"Yeva, Nature's Herald",1,0,1453,0,1505,203,4,G,G,
Captain Lannery Storm,1,0,1454,0,1506,202,3,R,R,
"Najeela, the Blade-Blossom",1,0,1455,4,520,1,3,R,"B,G,R,U,W",
"Samut, Voice of Dissent",1,0,1456,2,792,1,5,"G,R","G,R,W",
Sneak Attack,1,0,1457,0,1507,203,4,R,R,
"Kroxa, Titan of Death's Hunger",1,0,1458,1,1113,20,2,"B,R","B,R",
"Lazav, the Multifarious",1,0,1459,1,1114,17,2,"B,U","B,U",
Oath of Nissa,1,0,1460,0,1508,204,1,G,G,
Satoru Umezawa,1,0,1461,1,1115,18,3,"B,U","B,U",
Gustha's Scepter,1,0,1462,0,1509,250,0,,,
Dual Strike,1,0,1463,0,1510,204,2,R,R,
Astral Cornucopia,1,0,1464,0,1511,251,0,,,
Stubborn Denial,1,0,1465,0,1512,256,1,U,U,
Darkest Hour,1,0,1466,0,1514,176,1,B,B,
Fateful Absence,1,0,1467,0,1515,162,2,W,W,
Fracture,1,0,1468,1,1118,14,2,"B,W","B,W",
Mandate of Peace,1,0,1469,0,1516,163,2,W,W,
Pawn of Ulamog,1,0,1470,0,1517,177,3,B,B,
Victimize,1,0,1471,0,1518,178,3,B,B,
Play with Fire,1,0,1472,0,1519,205,1,R,R,
Reforge the Soul,1,0,1473,0,1520,206,5,R,R,
Dragon Mantle,1,0,1474,0,1521,207,1,R,R,
Flamekin Spitfire,1,0,1475,0,1522,208,2,R,R,
Tectonic Reformation,1,0,1476,0,1523,209,2,R,R,
Wild Guess,1,0,1477,0,1524,210,2,R,R,
Blossoming Defense,1,0,1478,0,1525,205,1,G,G,
Break Ties,1,0,1479,0,1526,164,3,W,W,
Evolutionary Leap,1,0,1480,0,1527,206,2,G,G,
Goblin Sledder,1,0,1481,0,1528,211,1,R,R,
Qasali Pridemage,1,0,1482,1,1128,29,2,"G,W","G,W",
Mirror-Mad Phantasm,1,0,1483,0,1530,257,5,U,U,
Arch of Orazca,1,0,1484,0,1531,252,0,,,
Avatar of Growth,1,0,1485,0,1532,207,6,G,G,
Diviner's Wand,1,0,1486,0,1534,253,3,,,
Gingerbread Cabin,1,0,1487,0,1535,208,0,,G,
Realm Seekers,1,0,1488,0,1536,209,6,G,G,
Simic Growth Chamber,1,0,1489,1,1130,28,0,,"G,U",
Tidal Bore,1,0,1490,0,1538,258,2,U,U,
Druid of Purification,1,0,1491,0,1539,210,4,G,G,
Gaea's Avenger,1,0,1492,0,1540,211,3,G,G,
Sheltering Ancient,1,0,1493,0,1544,212,2,G,G,
Hornet Sting,1,0,1494,0,1545,213,1,G,G,
Primal Command,1,0,1495,0,1546,214,5,G,G,
Garruk's Harbinger,1,0,1496,0,1547,215,3,G,G,
Chromatic Orrery,1,0,1497,0,1548,254,7,,,
Citanul Flute,1,0,1498,0,1549,255,5,,,
Filigree Sages,1,0,1499,0,1550,259,4,U,U,
Hangarback Walker,1,0,1500,0,1551,256,0,,,
Manakin,1,0,1501,0,1552,257,2,,,
Manifold Key,1,0,1502,0,1553,258,1,,,
Moonsnare Prototype,1,0,1503,0,1554,260,1,U,U,
Myr Sire,1,0,1504,0,1555,259,2,,,
Perilous Myr,1,0,1505,0,1556,260,2,,,
Silver Myr,1,0,1506,0,1557,261,2,,U,
Fiery Cannonade,1,0,1507,0,1558,212,3,R,R,
"Kediss, Emberclaw Familiar",1,0,1508,0,1559,213,2,R,R,
Kessig Flamebreather,1,0,1509,0,1560,214,2,R,R,
Lightning-Rig Crew,1,0,1510,0,1561,215,3,R,R,
Maskwood Nexus,1,0,1511,0,1562,261,4,,,
Pestermite,1,0,1512,0,1563,262,3,U,U,
Reckless Fireweaver,1,0,1513,0,1564,216,2,R,R,
Wings of Velis Vel,1,0,1514,0,1565,263,2,U,U,
Orzhov Signet,1,0,1515,1,1136,15,2,,"B,W",
Dakmor Salvage,1,0,1516,0,1566,179,0,,B,
Golgari Grave-Troll,1,0,1517,0,1567,216,5,G,G,
Noose Constrictor,1,0,1518,0,1568,217,2,G,G,
Oblivion Crown,1,0,1519,0,1569,180,2,B,B,
Putrid Imp,1,0,1520,0,1570,181,1,B,B,
"Ulamog, the Infinite Gyre",1,0,1521,0,1571,262,11,,,
Argentum Armor,1,0,1522,0,1572,263,6,,,
Brass Squire,1,0,1523,0,1573,264,3,,,
Fury,1,0,1524,0,1574,217,5,R,R,
Hammer of Nazahn,1,0,1525,0,1575,265,4,,,
Honor-Worn Shaku,1,0,1526,0,1576,266,3,,,
Mine Collapse,1,0,1527,0,1577,218,4,R,R,
Panharmonicon,1,0,1528,0,1578,267,4,,,
Starstorm,1,0,1529,0,1579,219,2,R,R,
Archaeomancer,1,0,1530,0,1581,264,4,U,U,
"Llawan, Cephalid Empress",1,0,1531,0,1582,265,4,U,U,
Overburden,1,0,1532,0,1583,266,2,U,U,
Intruder Alarm,1,0,1533,0,1584,267,3,U,U,
Aphetto Alchemist,1,0,1534,0,1585,268,2,U,U,
Cursecatcher,1,0,1535,0,1586,269,1,U,U,
Flash of Insight,1,0,1536,0,1587,270,2,U,U,
Sigil Tracer,1,0,1537,0,1588,271,3,U,U,
Triskaidekaphile,1,0,1538,0,1589,272,2,U,U,
Diminishing Returns,1,0,1539,0,1590,273,4,U,U,
Gilded Lotus,1,0,1540,0,1591,268,5,,,
The Chain Veil,1,0,1541,0,1592,269,4,,,
"Ugin, the Spirit Dragon",1,0,1542,0,1593,270,8,,,
Eldrazi Displacer,1,0,1543,0,1594,165,3,,W,
Prime Speaker Vannifar,1,0,1544,1,1147,29,4,"G,U","G,U",
"Edric, Spymaster of Trest",1,0,1545,1,1148,30,3,"G,U","G,U",
"Hokori, Dust Drinker",1,0,1546,0,1595,166,4,W,W,
Blinkmoth Infusion,1,0,1547,0,1596,274,14,U,U,
Commandeer,1,0,1548,0,1597,275,7,U,U,
Cover of Darkness,1,0,1549,0,1598,182,2,B,B,
Faerie Seer,1,0,1550,0,1599,276,1,U,U,
Fourth Bridge Prowler,1,0,1551,0,1600,183,1,B,B,
Ingenious Infiltrator,1,0,1552,1,1149,19,4,"B,U","B,U",
Mist-Syndicate Naga,1,0,1553,0,1601,277,3,U,U,
Mistblade Shinobi,1,0,1554,0,1602,278,3,U,U,
Mothdust Changeling,1,0,1555,0,1603,279,1,U,U,
Ninja of the Deep Hours,1,0,1556,0,1604,280,4,U,U,
Sakashima's Student,1,0,1557,0,1605,281,4,U,U,
Skullsnatcher,1,0,1558,0,1606,184,2,B,B,
"Tetsuko Umezawa, Fugitive",1,0,1559,0,1607,282,2,U,U,
Wingcrafter,1,0,1560,0,1608,283,1,U,U,
Cemetery Illuminator,1,0,1561,0,1609,284,3,U,U,
Detention Sphere,1,0,1562,1,1150,15,3,"U,W","U,W",
Lithoform Engine,1,0,1563,0,1610,271,4,,,
Oath of Jace,1,0,1564,0,1611,285,3,U,U,
Omen of the Sea,1,0,1565,0,1612,286,2,U,U,
Reality Acid,1,0,1566,0,1613,287,3,U,U,
Strionic Resonator,1,0,1567,0,1614,272,2,,,
Trial of Knowledge,1,0,1568,0,1615,288,4,U,U,
Nightshade Peddler,1,0,1569,0,1616,218,2,G,G,
Seeds of Innocence,1,0,1570,0,1617,219,3,G,G,
Energy Tap,1,0,1571,0,1618,289,1,U,U,
Dead of Winter,1,0,1572,0,1619,185,3,B,B,
"Aminatou, the Fateshifter",1,0,1573,2,820,1,3,"B,U,W","B,U,W",
"Jace, the Mind Sculptor",1,0,1574,0,1620,290,4,U,U,
Savor the Moment,1,0,1575,0,1621,291,3,U,U,
Geth's Grimoire,1,0,1576,0,1622,273,4,,,
Mind Rake,1,0,1577,0,1623,186,3,B,B,
Vicious Rumors,1,0,1578,0,1624,187,1,B,B,
By Force,1,0,1579,0,1625,220,1,R,R,
"Gadrak, the Crown-Scourge",1,0,1580,0,1626,221,3,R,R,
Leyline of the Void,1,0,1581,0,1627,188,4,B,B,
Massacre,1,0,1582,0,1628,189,4,B,B,
Necrogen Mists,1,0,1583,0,1629,190,3,B,B,
Sire of Insanity,1,0,1584,1,1154,21,6,"B,R","B,R",
Stranglehold,1,0,1585,0,1630,222,4,R,R,
Treasure Nabber,1,0,1586,0,1632,223,3,R,R,
Faithful Mending,1,0,1587,1,1155,16,2,"U,W","U,W",
Abandon Reason,1,0,1588,0,1633,224,3,R,R,
Alchemist's Greeting,1,0,1589,0,1634,225,5,R,R,
Alms of the Vein,1,0,1590,0,1635,191,3,B,B,
Archfiend of Spite,1,0,1591,0,1636,192,7,B,B,
Biting Rain,1,0,1592,0,1637,193,4,B,B,
Blazing Rootwalla,1,0,1593,0,1638,226,1,R,R,
Dark Withering,1,0,1594,0,1639,194,6,B,B,
Distemper of the Blood,1,0,1595,0,1640,227,2,R,R,
From Under the Floorboards,1,0,1596,0,1641,195,5,B,B,
Gibbering Descent,1,0,1597,0,1642,196,6,B,B,
Gisa's Bidding,1,0,1598,0,1643,197,4,B,B,
Gorgon Recluse,1,0,1599,0,1644,198,5,B,B,
Hell Mongrel,1,0,1600,0,1645,199,4,B,B,
Incorrigible Youths,1,0,1601,0,1646,228,5,R,R,
Kitchen Imp,1,0,1602,0,1647,200,4,B,B,
Malevolent Whispers,1,0,1603,0,1648,229,4,R,R,
Muck Drubb,1,0,1604,0,1649,201,5,B,B,
Necrogoyf,1,0,1605,0,1650,202,5,B,B,
Nightshade Assassin,1,0,1606,0,1651,203,4,B,B,
Psychotic Episode,1,0,1607,0,1652,204,3,B,B,
Psychotic Haze,1,0,1608,0,1653,205,4,B,B,
Reckless Wurm,1,0,1609,0,1654,230,5,R,R,
Revolutionist,1,0,1610,0,1655,231,6,R,R,
Senseless Rage,1,0,1611,0,1656,232,2,R,R,
Shadowgrange Archfiend,1,0,1612,0,1657,206,7,B,B,
Skophos Reaver,1,0,1613,0,1658,233,3,R,R,
Strength of Lunacy,1,0,1614,0,1659,207,2,B,B,
Terminal Agony,1,0,1615,1,1167,22,4,"B,R","B,R",
Twins of Maurer Estate,1,0,1616,0,1660,208,5,B,B,
Violent Eruption,1,0,1617,0,1661,234,4,R,R,
Ichor Slick,1,0,1618,0,1663,209,3,B,B,
Insatiable Gorgers,1,0,1619,0,1664,235,4,R,R,
Shadowblood Ridge,1,0,1620,1,1168,23,0,,"B,R",
Harrow,1,0,1621,0,1665,220,3,G,G,
Oracle of Mul Daya,1,0,1622,0,1666,221,4,G,G,
Scapeshift,1,0,1623,0,1667,222,4,G,G,
"Tayam, Luminous Enigma",1,0,1624,2,823,1,4,"B,G,W","B,G,W",
Ancestral Knowledge,1,0,1625,0,1668,292,2,U,U,
Mana Maze,1,0,1626,0,1669,293,2,U,U,
Mirran Spy,1,0,1627,0,1670,294,3,U,U,
The Biblioplex,1,0,1628,0,1671,274,0,,,
Siren's Ruse,1,0,1629,0,1672,295,2,U,U,
Chandra's Ignition,1,0,1630,0,1673,236,5,R,R,
Frenetic Efreet,1,0,1631,1,1170,16,3,"R,U","R,U",
Mask of Immolation,1,0,1632,0,1674,237,2,R,R,
Kobolds of Kher Keep,1,0,1633,0,1676,238,0,R,R,
"Kambal, Consul of Allocation",1,0,1634,1,1176,16,3,"B,W","B,W",
"Kunoros, Hound of Athreos",1,0,1635,1,1177,17,3,"B,W","B,W",
Lose Focus,1,0,1636,0,1679,296,2,U,U,
"Azor, the Lawbringer",1,0,1637,1,1181,17,6,"U,W","U,W",
Deserted Beach,1,0,1638,1,1183,18,0,,"U,W",
Emergency Powers,1,0,1639,1,1184,19,7,"U,W","U,W",
Finale of Revelation,1,0,1640,0,1680,297,2,U,U,
Mystic Gate,1,0,1641,1,1185,20,0,,"U,W",
Nimbus Maze,1,0,1642,1,1186,21,0,,"U,W",
Prairie Stream,1,0,1643,1,1187,22,0,,"U,W",
Reliquary Tower,1,0,1644,0,1681,275,0,,,
Sphinx's Revelation,1,0,1645,1,1188,23,3,"U,W","U,W",
Stroke of Genius,1,0,1646,0,1682,298,3,U,U,
"Teferi, Who Slows the Sunset",1,0,1647,1,1189,24,4,"U,W","U,W",
"Venser, the Sojourner",1,0,1648,1,1190,25,5,"U,W","U,W",
Future Sight,1,0,1649,0,1683,299,5,U,U,
Magus of the Future,1,0,1650,0,1684,300,5,U,U,
Thought Lash,1,0,1651,0,1685,301,4,U,U,
Goblin Banneret,1,0,1652,0,1686,239,1,R,R,
Conclave Tribunal,1,0,1653,0,1688,167,4,W,W,
Elvish Archdruid,1,0,1654,0,1689,223,3,G,G,
Wirewood Channeler,1,0,1655,0,1690,224,4,G,G,
Flawless Maneuver,1,0,1656,0,1691,168,3,W,W,
Deceiver Exarch,1,0,1657,0,1692,302,3,U,U,
Carnival of Souls,1,0,1658,0,1693,210,2,B,B,
Falkenrath Pit Fighter,1,0,1659,0,1694,240,1,R,R,
Oathsworn Vampire,1,0,1660,0,1695,211,2,B,B,
Plumb the Forbidden,1,0,1661,0,1696,212,2,B,B,
Vampire of the Dire Moon,1,0,1662,0,1697,213,1,B,B,
Voldaren Epicure,1,0,1663,0,1698,241,1,R,R,
Burning-Rune Demon,1,0,1664,0,1699,214,6,B,B,
Pernicious Deed,1,0,1665,1,1196,27,3,"B,G","B,G",
Zur's Weirding,1,0,1666,0,1700,303,4,U,U,
Birchlore Rangers,1,0,1667,0,1701,225,1,G,G,
Heritage Druid,1,0,1668,0,1702,226,1,G,G,
Mind Bend,1,0,1669,0,1703,304,1,U,U,
Nettle Sentinel,1,0,1670,0,1704,227,1,G,G,
Sleight of Mind,1,0,1671,0,1705,305,1,U,U,
Trait Doctoring,1,0,1672,0,1706,306,1,U,U,
Vizier of the Menagerie,1,0,1673,0,1707,228,4,G,G,
Dreadhorde Arcanist,1,0,1674,0,1708,242,2,R,R,
"Emry, Lurker of the Loch",1,0,1675,0,1709,307,3,U,U,
Hedron Crab,1,0,1676,0,1710,308,1,U,U,
Manifold Insights,1,0,1677,0,1711,309,3,U,U,
Raugrin Triome,1,0,1678,2,827,2,0,,"R,U,W",
Blight Mound,1,0,1679,0,1712,215,3,B,B,
Bridge from Below,1,0,1680,0,1713,216,3,B,B,
Butcher Ghoul,1,0,1681,0,1714,217,2,B,B,
Deathgreeter,1,0,1682,0,1715,218,1,B,B,
Genesis Chamber,1,0,1683,0,1716,276,2,,,
Geralf's Messenger,1,0,1684,0,1717,219,3,B,B,
Nest of Scarabs,1,0,1685,0,1718,220,3,B,B,
Treacherous Pit-Dweller,1,0,1686,0,1719,221,2,B,B,
Goblin Anarchomancer,1,0,1687,1,1197,24,2,"G,R","G,R",
Shaman of Forgotten Ways,1,0,1688,0,1720,229,3,G,G,
Pemmin's Aura,1,0,1689,0,1721,310,3,U,U,
Containment Priest,1,0,1690,0,1722,169,2,W,W,
"Karn, Scion of Urza",1,0,1691,0,1723,277,4,,,
Omen Machine,1,0,1692,0,1725,278,6,,,
Overcharged Amalgam,1,0,1693,0,1726,311,4,U,U,
"Rhoda, Geist Avenger",1,0,1694,0,1727,170,4,W,W,
Sunder,1,0,1695,0,1728,312,5,U,U,
"Timin, Youthful Geist",1,0,1696,0,1729,313,5,U,U,
Wash Away,1,0,1697,0,1730,314,1,U,U,
Aether Tradewinds,1,0,1698,0,1731,315,3,U,U,
Cryptic Command,1,0,1699,0,1732,316,4,U,U,
See the Truth,1,0,1700,0,1733,317,2,U,U,
Sublime Exhalation,1,0,1701,0,1734,171,7,W,W,
Sunscape Familiar,1,0,1702,0,1735,172,2,W,W,
Tragic Lesson,1,0,1703,0,1736,318,3,U,U,
Vanquish the Horde,1,0,1704,0,1737,173,8,W,W,
Golgari Thug,1,0,1705,0,1738,222,2,B,B,
Reincarnation,1,0,1706,0,1739,230,3,G,G,
Alms Collector,1,0,1707,0,1740,174,4,W,W,
Out of Time,1,0,1708,0,1741,175,3,W,W,
Sickening Dreams,1,0,1709,0,1742,223,2,B,B,
Seasons Past,1,0,1710,0,1743,231,6,G,G,
Unholy Heat,1,0,1711,0,1744,243,1,R,R,
Electrickery,1,0,1712,0,1745,244,1,R,R,
"Rashmi, Eternities Crafter",1,0,1713,1,1198,31,4,"G,U","G,U",
Malevolent Hermit,0,0,1714,0,1199,319,2,,U,
Barkchannel Pathway,0,0,1715,0,1200,32,0,,"G,U",
Outland Liberator,0,0,1716,0,1203,232,2,,G,
Flamescroll Celebrant,0,0,1717,0,1205,22,2,,"R,W",
Shatterskull Smashing,0,0,1718,0,1222,245,2,,R,
Turntimber Symbiosis,0,0,1719,0,1224,233,7,,G,
"Birgi, God of Storytelling",0,0,1720,0,1230,246,3,,R,
Blightstep Pathway,0,0,1721,0,1231,24,0,,"B,R",
Valakut Awakening,0,0,1722,0,1234,247,3,,R,
Sea Gate Restoration,0,0,1723,0,1239,320,7,,U,
Emeria's Call,0,0,1724,0,1267,176,7,,W,
Sejiri Shelter,0,0,1725,0,1271,177,2,,W,
Wandering Archaic,0,0,1726,0,1275,279,5,,,
Darkbore Pathway,0,0,1727,0,1280,28,0,,"B,G",
Azusa's Many Journeys,0,0,1728,0,1291,234,2,,G,
Needleverge Pathway,0,0,1729,0,1295,23,0,,"R,W",
Bereaved Survivor,0,0,1730,0,1304,178,3,,W,
Clearwater Pathway,0,0,1731,0,1317,20,0,,"B,U",
Agadeem's Awakening,0,0,1732,0,1318,224,3,,B,
"Jace, Vryn's Prodigy",0,0,1733,0,1321,321,2,,U,
Glasspool Mimic,0,0,1734,0,1344,322,3,,U,
Avabruck Caretaker,0,0,1735,0,1388,235,6,,G,
Duskwatch Recruiter,0,0,1736,0,1400,236,2,,G,
"Valki, God of Lies",0,0,1737,0,1408,25,2,,"B,R",
Cragcrown Pathway,0,0,1738,0,1412,25,0,,"G,R",
Riverglide Pathway,0,0,1739,0,1421,17,0,,"R,U",
Brightclimb Pathway,0,0,1740,0,1513,18,0,,"B,W",
"Tergrid, God of Fright",0,0,1741,0,1631,225,5,,B,
Voldaren Pariah,0,0,1742,0,1662,226,5,,B,
Hengegate Pathway,0,0,1743,0,1678,26,0,,"U,W",
Branchloft Pathway,0,0,1744,0,1687,30,0,,"G,W",
Mirrorhall Mimic,0,0,1745,0,1724,323,4,,U,
